user_id,content_id,interaction_type,timestamp
82,8,view,2025-06-18 14:43:20.044750
32,15,view,2025-06-23 14:43:20.044769
87,48,like,2025-06-24 14:43:20.044781
76,28,view,2025-06-24 14:43:20.044787
28,15,view,2025-06-26 14:43:20.044793
72,13,like,2025-06-04 14:43:20.044799
70,27,view,2025-06-08 14:43:20.044804
36,1,like,2025-06-21 14:43:20.044815
90,28,view,2025-06-22 14:43:20.044821
28,49,view,2025-06-24 14:43:20.044827
49,7,view,2025-06-15 14:43:20.044832
78,17,like,2025-06-03 14:43:20.044837
59,35,view,2025-05-28 14:43:20.044841
49,6,view,2025-05-31 14:43:20.044846
81,40,like,2025-06-15 14:43:20.044850
74,13,like,2025-06-25 14:43:20.044855
85,15,like,2025-06-24 14:43:20.044859
30,7,view,2025-06-12 14:43:20.044864
82,24,view,2025-06-15 14:43:20.044869
27,43,view,2025-05-28 14:43:20.044873
88,42,view,2025-06-06 14:43:20.044878
22,35,like,2025-06-21 14:43:20.044882
60,25,view,2025-05-28 14:43:20.044887
82,45,view,2025-06-05 14:43:20.044891
42,50,like,2025-06-19 14:43:20.044895
5,21,view,2025-06-24 14:43:20.044900
28,37,like,2025-06-16 14:43:20.044904
28,42,view,2025-05-29 14:43:20.044909
83,30,view,2025-06-22 14:43:20.044913
32,48,view,2025-06-18 14:43:20.044918
96,38,view,2025-06-08 14:43:20.044922
52,24,view,2025-06-22 14:43:20.044927
66,32,view,2025-06-25 14:43:20.044931
15,10,like,2025-06-01 14:43:20.044936
88,28,view,2025-06-14 14:43:20.044943
49,39,share,2025-06-10 14:43:20.045025
33,36,like,2025-06-26 14:43:20.045031
88,47,view,2025-05-29 14:43:20.045036
69,49,view,2025-06-06 14:43:20.045040
44,8,view,2025-06-21 14:43:20.045044
59,1,share,2025-05-29 14:43:20.045049
93,17,share,2025-06-02 14:43:20.045053
23,33,share,2025-05-30 14:43:20.045058
81,20,like,2025-06-10 14:43:20.045062
78,13,view,2025-06-02 14:43:20.045066
21,35,share,2025-05-28 14:43:20.045071
68,1,view,2025-06-11 14:43:20.045075
3,8,share,2025-05-29 14:43:20.045080
40,16,view,2025-05-29 14:43:20.045084
73,6,view,2025-06-11 14:43:20.045089
9,49,view,2025-06-22 14:43:20.045093
17,43,view,2025-06-09 14:43:20.045097
22,17,view,2025-06-07 14:43:20.045102
55,14,share,2025-06-02 14:43:20.045106
94,45,view,2025-06-17 14:43:20.045111
52,43,like,2025-06-12 14:43:20.045115
67,29,view,2025-06-19 14:43:20.045119
9,22,view,2025-06-09 14:43:20.045124
30,38,view,2025-06-24 14:43:20.045128
91,41,view,2025-06-24 14:43:20.045133
5,22,view,2025-06-19 14:43:20.045137
36,43,view,2025-06-09 14:43:20.045142
17,47,share,2025-06-08 14:43:20.045146
74,31,view,2025-06-11 14:43:20.045151
53,13,view,2025-06-05 14:43:20.045156
56,23,view,2025-06-12 14:43:20.045161
94,4,like,2025-06-06 14:43:20.045165
13,4,view,2025-06-16 14:43:20.045170
14,16,view,2025-06-09 14:43:20.045174
58,9,view,2025-06-18 14:43:20.045179
60,16,like,2025-06-24 14:43:20.045183
57,36,view,2025-06-06 14:43:20.045187
70,1,share,2025-05-28 14:43:20.045192
97,16,view,2025-06-11 14:43:20.045196
62,14,like,2025-05-29 14:43:20.045201
8,11,view,2025-06-14 14:43:20.045205
34,30,view,2025-06-04 14:43:20.045210
94,36,like,2025-06-11 14:43:20.045215
20,13,view,2025-05-27 14:43:20.045220
8,38,like,2025-06-25 14:43:20.045224
96,21,view,2025-06-08 14:43:20.045228
62,33,share,2025-06-10 14:43:20.045233
21,4,share,2025-06-24 14:43:20.045237
24,5,view,2025-06-05 14:43:20.045241
31,26,view,2025-05-29 14:43:20.045246
73,16,view,2025-06-25 14:43:20.045250
80,6,view,2025-06-08 14:43:20.045254
73,34,view,2025-06-18 14:43:20.045259
27,43,like,2025-06-19 14:43:20.045263
34,26,view,2025-06-06 14:43:20.045267
39,30,view,2025-06-02 14:43:20.045272
10,1,view,2025-06-08 14:43:20.045276
13,5,view,2025-06-10 14:43:20.045281
34,9,share,2025-05-29 14:43:20.045286
9,16,view,2025-06-21 14:43:20.045290
57,35,like,2025-06-07 14:43:20.045295
84,34,view,2025-05-31 14:43:20.045299
71,20,share,2025-06-23 14:43:20.045303
18,17,view,2025-06-23 14:43:20.045308
96,36,view,2025-06-17 14:43:20.045312
78,14,like,2025-06-20 14:43:20.045316
88,41,like,2025-06-10 14:43:20.045321
63,17,share,2025-05-30 14:43:20.045325
7,6,like,2025-05-31 14:43:20.045329
36,3,view,2025-06-02 14:43:20.045334
17,41,share,2025-06-21 14:43:20.045338
95,29,view,2025-06-13 14:43:20.045342
72,1,view,2025-05-27 14:43:20.045346
89,10,view,2025-05-31 14:43:20.045351
48,38,view,2025-06-13 14:43:20.045356
17,3,view,2025-05-29 14:43:20.045360
6,23,view,2025-06-19 14:43:20.045365
86,7,view,2025-06-09 14:43:20.045370
53,40,like,2025-05-28 14:43:20.045374
31,11,share,2025-06-01 14:43:20.045379
23,27,view,2025-06-03 14:43:20.045383
43,27,like,2025-05-30 14:43:20.045387
95,16,view,2025-06-01 14:43:20.045391
90,7,view,2025-06-25 14:43:20.045396
61,15,view,2025-05-28 14:43:20.045403
59,23,view,2025-06-01 14:43:20.045408
30,15,view,2025-06-20 14:43:20.045412
52,22,view,2025-06-24 14:43:20.045417
99,18,view,2025-06-10 14:43:20.045421
52,44,share,2025-06-09 14:43:20.045428
43,2,view,2025-06-18 14:43:20.045433
23,38,share,2025-06-18 14:43:20.045437
5,7,view,2025-06-15 14:43:20.045442
94,21,view,2025-06-10 14:43:20.045446
15,25,like,2025-06-20 14:43:20.045451
33,3,like,2025-06-26 14:43:20.045456
67,35,like,2025-05-27 14:43:20.045460
95,48,like,2025-06-15 14:43:20.045464
56,5,share,2025-05-28 14:43:20.045469
43,40,view,2025-05-30 14:43:20.045473
16,47,share,2025-06-10 14:43:20.045477
40,43,view,2025-06-14 14:43:20.045482
90,19,view,2025-06-20 14:43:20.045486
54,43,share,2025-06-05 14:43:20.045491
96,12,like,2025-06-17 14:43:20.045495
52,36,like,2025-06-17 14:43:20.045500
37,14,view,2025-06-08 14:43:20.045504
78,42,view,2025-06-12 14:43:20.045508
57,44,view,2025-06-11 14:43:20.045513
95,11,like,2025-06-17 14:43:20.045517
66,43,like,2025-06-16 14:43:20.045522
12,49,view,2025-06-17 14:43:20.045526
29,13,view,2025-06-25 14:43:20.045531
32,31,like,2025-06-02 14:43:20.045535
10,30,view,2025-06-06 14:43:20.045540
74,13,like,2025-06-14 14:43:20.045544
64,26,view,2025-06-06 14:43:20.045548
89,1,like,2025-05-30 14:43:20.045553
99,7,like,2025-06-19 14:43:20.045557
23,45,view,2025-06-25 14:43:20.045562
72,16,share,2025-06-23 14:43:20.045566
59,9,like,2025-06-05 14:43:20.045570
68,36,view,2025-05-27 14:43:20.045575
97,29,like,2025-06-03 14:43:20.045579
65,28,like,2025-06-09 14:43:20.045584
58,11,like,2025-06-11 14:43:20.045588
58,17,like,2025-05-31 14:43:20.045592
82,18,like,2025-06-10 14:43:20.045597
63,41,view,2025-06-12 14:43:20.045601
10,46,view,2025-06-18 14:43:20.045605
43,21,like,2025-06-24 14:43:20.045610
18,10,view,2025-06-04 14:43:20.045614
20,46,view,2025-06-13 14:43:20.045619
53,22,view,2025-06-13 14:43:20.045623
8,14,like,2025-06-14 14:43:20.045627
99,38,share,2025-06-26 14:43:20.045632
98,37,view,2025-06-26 14:43:20.045636
46,20,like,2025-05-30 14:43:20.045640
54,35,like,2025-06-09 14:43:20.045645
78,15,view,2025-06-18 14:43:20.045650
56,32,view,2025-06-16 14:43:20.045654
86,44,like,2025-06-03 14:43:20.045659
22,30,share,2025-06-07 14:43:20.045663
69,2,share,2025-06-08 14:43:20.045667
73,43,view,2025-06-06 14:43:20.045672
55,9,like,2025-06-21 14:43:20.045676
7,17,view,2025-06-20 14:43:20.045680
59,21,view,2025-05-29 14:43:20.045685
49,18,like,2025-05-31 14:43:20.045689
54,17,like,2025-06-11 14:43:20.045693
3,48,view,2025-05-27 14:43:20.045698
45,15,like,2025-06-02 14:43:20.045702
84,3,like,2025-05-27 14:43:20.045707
32,13,like,2025-06-07 14:43:20.045711
20,16,view,2025-06-05 14:43:20.045715
15,37,share,2025-06-12 14:43:20.045720
90,17,like,2025-06-21 14:43:20.045724
78,39,share,2025-06-04 14:43:20.045728
15,50,like,2025-05-27 14:43:20.045733
40,7,view,2025-05-28 14:43:20.045737
40,37,like,2025-05-27 14:43:20.045741
49,26,share,2025-06-20 14:43:20.045745
10,38,like,2025-06-06 14:43:20.045750
32,7,like,2025-06-17 14:43:20.045754
88,39,like,2025-06-01 14:43:20.045759
73,3,view,2025-06-13 14:43:20.045763
85,24,view,2025-06-06 14:43:20.045768
44,1,like,2025-05-31 14:43:20.045772
63,7,view,2025-06-15 14:43:20.045776
82,30,like,2025-06-13 14:43:20.045783
23,47,view,2025-06-06 14:43:20.045788
35,40,like,2025-06-09 14:43:20.045792
100,31,view,2025-05-31 14:43:20.045797
94,38,view,2025-05-30 14:43:20.045801
32,6,view,2025-06-12 14:43:20.045805
32,49,view,2025-06-07 14:43:20.045810
86,25,view,2025-06-11 14:43:20.045814
42,12,view,2025-06-15 14:43:20.045819
34,22,view,2025-06-07 14:43:20.045823
90,18,view,2025-06-10 14:43:20.045827
25,6,view,2025-06-13 14:43:20.045832
63,36,like,2025-06-04 14:43:20.045836
61,42,like,2025-06-12 14:43:20.045841
3,6,view,2025-06-14 14:43:20.045845
89,16,view,2025-06-08 14:43:20.045849
48,31,view,2025-06-15 14:43:20.045854
55,48,view,2025-06-15 14:43:20.045858
90,30,view,2025-06-18 14:43:20.045862
30,8,like,2025-06-16 14:43:20.045867
16,48,view,2025-06-02 14:43:20.045872
89,12,view,2025-06-03 14:43:20.045876
62,18,like,2025-06-02 14:43:20.045881
68,39,view,2025-06-23 14:43:20.045885
25,19,view,2025-06-21 14:43:20.045890
39,1,like,2025-06-22 14:43:20.045894
36,3,share,2025-06-09 14:43:20.045898
38,45,share,2025-06-06 14:43:20.045903
97,32,view,2025-06-26 14:43:20.045907
74,19,view,2025-06-12 14:43:20.045912
44,12,share,2025-06-18 14:43:20.045916
62,8,like,2025-06-14 14:43:20.045920
63,5,view,2025-06-05 14:43:20.045924
7,10,view,2025-06-08 14:43:20.045929
39,6,share,2025-06-23 14:43:20.045933
72,49,view,2025-06-07 14:43:20.045937
80,15,like,2025-06-14 14:43:20.045942
58,29,view,2025-06-08 14:43:20.045946
55,20,view,2025-06-25 14:43:20.045951
79,48,view,2025-06-02 14:43:20.045955
27,41,view,2025-06-05 14:43:20.045959
11,11,view,2025-06-09 14:43:20.045964
10,11,view,2025-06-12 14:43:20.045968
89,39,view,2025-06-25 14:43:20.045972
30,19,like,2025-06-04 14:43:20.045976
59,5,like,2025-05-28 14:43:20.045981
34,41,view,2025-06-01 14:43:20.045985
26,28,view,2025-06-19 14:43:20.045990
83,10,share,2025-05-31 14:43:20.045994
19,5,view,2025-06-01 14:43:20.045999
40,39,like,2025-06-08 14:43:20.046003
37,29,view,2025-06-04 14:43:20.046008
39,45,view,2025-06-18 14:43:20.046012
65,35,view,2025-06-24 14:43:20.046017
77,3,like,2025-06-03 14:43:20.046021
42,39,view,2025-06-24 14:43:20.046026
30,44,like,2025-06-08 14:43:20.046030
76,2,share,2025-06-05 14:43:20.046035
35,37,view,2025-06-02 14:43:20.046039
23,31,view,2025-06-12 14:43:20.046046
36,12,share,2025-06-13 14:43:20.046050
82,32,share,2025-06-11 14:43:20.046055
45,27,view,2025-06-05 14:43:20.046059
14,11,view,2025-06-04 14:43:20.046064
64,19,like,2025-06-14 14:43:20.046068
98,36,view,2025-06-24 14:43:20.046073
41,17,view,2025-06-02 14:43:20.046077
52,33,like,2025-06-26 14:43:20.046082
85,35,view,2025-06-25 14:43:20.046086
25,34,view,2025-06-02 14:43:20.046090
64,41,view,2025-06-25 14:43:20.046095
27,18,view,2025-05-28 14:43:20.046099
37,29,like,2025-06-11 14:43:20.046103
16,2,share,2025-06-07 14:43:20.046108
31,46,view,2025-06-09 14:43:20.046112
2,36,view,2025-06-19 14:43:20.046116
15,30,share,2025-06-06 14:43:20.046121
20,32,share,2025-06-17 14:43:20.046125
66,46,view,2025-05-31 14:43:20.046130
62,31,view,2025-06-09 14:43:20.046134
19,25,view,2025-06-07 14:43:20.046138
66,48,like,2025-05-30 14:43:20.046143
9,18,like,2025-05-30 14:43:20.046147
54,22,share,2025-06-10 14:43:20.046152
35,1,view,2025-06-17 14:43:20.046156
76,38,share,2025-06-11 14:43:20.046161
20,29,view,2025-06-15 14:43:20.046167
43,36,like,2025-06-14 14:43:20.046172
59,21,like,2025-06-04 14:43:20.046176
31,37,view,2025-05-30 14:43:20.046181
100,27,view,2025-06-03 14:43:20.046185
61,46,share,2025-06-14 14:43:20.046190
50,43,like,2025-06-06 14:43:20.046194
20,32,share,2025-06-22 14:43:20.046199
65,38,view,2025-06-23 14:43:20.046204
57,7,view,2025-06-12 14:43:20.046208
2,47,view,2025-05-30 14:43:20.046212
84,10,view,2025-06-01 14:43:20.046217
34,22,like,2025-06-14 14:43:20.046221
84,6,like,2025-05-30 14:43:20.046226
87,35,view,2025-06-16 14:43:20.046230
81,46,like,2025-06-11 14:43:20.046235
70,3,like,2025-06-19 14:43:20.046239
81,44,share,2025-06-19 14:43:20.046243
96,6,view,2025-06-23 14:43:20.046248
98,41,like,2025-06-23 14:43:20.046252
57,11,like,2025-05-29 14:43:20.046257
4,3,view,2025-06-25 14:43:20.046261
38,23,view,2025-06-22 14:43:20.046266
32,34,view,2025-06-05 14:43:20.046270
24,11,view,2025-06-07 14:43:20.046274
49,40,like,2025-06-11 14:43:20.046279
75,10,view,2025-06-06 14:43:20.046283
33,30,view,2025-06-26 14:43:20.046287
60,19,like,2025-06-21 14:43:20.046292
10,29,share,2025-06-08 14:43:20.046296
39,41,share,2025-06-04 14:43:20.046301
33,30,like,2025-06-20 14:43:20.046305
50,31,view,2025-06-14 14:43:20.046309
74,23,view,2025-06-04 14:43:20.046314
38,2,share,2025-06-05 14:43:20.046318
51,18,view,2025-05-30 14:43:20.046322
88,50,like,2025-06-25 14:43:20.046327
78,48,view,2025-05-29 14:43:20.046333
37,50,like,2025-06-07 14:43:20.046338
46,15,like,2025-06-07 14:43:20.046342
33,44,like,2025-06-02 14:43:20.046347
85,44,like,2025-06-06 14:43:20.046351
13,41,like,2025-06-17 14:43:20.046356
57,3,view,2025-06-03 14:43:20.046360
17,6,share,2025-06-16 14:43:20.046364
96,27,view,2025-06-22 14:43:20.046368
70,24,view,2025-05-28 14:43:20.046374
35,11,view,2025-05-31 14:43:20.046378
62,19,like,2025-06-16 14:43:20.046383
15,30,share,2025-06-22 14:43:20.046387
97,15,like,2025-06-03 14:43:20.046391
87,26,share,2025-06-01 14:43:20.046396
72,24,view,2025-06-14 14:43:20.046400
2,17,view,2025-06-12 14:43:20.046404
48,44,like,2025-06-18 14:43:20.046409
75,25,like,2025-05-27 14:43:20.046413
48,7,like,2025-06-11 14:43:20.046417
4,40,like,2025-06-09 14:43:20.046422
42,40,view,2025-06-24 14:43:20.046426
82,30,share,2025-06-17 14:43:20.046431
84,27,view,2025-06-25 14:43:20.046435
5,20,share,2025-06-23 14:43:20.046439
13,16,like,2025-06-22 14:43:20.046443
50,30,view,2025-05-27 14:43:20.046448
96,45,share,2025-06-13 14:43:20.046452
76,48,like,2025-05-29 14:43:20.046457
54,42,view,2025-06-11 14:43:20.046461
79,27,share,2025-06-18 14:43:20.046465
5,45,view,2025-06-12 14:43:20.046470
57,16,like,2025-06-23 14:43:20.046474
88,24,view,2025-06-06 14:43:20.046479
46,4,view,2025-06-20 14:43:20.046483
16,30,view,2025-06-20 14:43:20.046488
83,41,view,2025-06-26 14:43:20.046492
7,22,view,2025-06-22 14:43:20.046496
73,14,view,2025-06-02 14:43:20.046501
71,14,view,2025-05-31 14:43:20.046505
30,22,like,2025-06-01 14:43:20.046509
77,1,view,2025-06-22 14:43:20.046514
17,35,view,2025-06-21 14:43:20.046518
15,43,like,2025-06-22 14:43:20.046522
2,23,like,2025-06-19 14:43:20.046527
76,21,view,2025-06-18 14:43:20.046531
7,9,like,2025-06-10 14:43:20.046535
15,48,view,2025-06-12 14:43:20.046542
100,24,view,2025-06-23 14:43:20.046546
58,33,view,2025-06-07 14:43:20.046551
6,47,like,2025-05-30 14:43:20.046557
85,34,view,2025-06-06 14:43:20.046561
4,4,share,2025-05-30 14:43:20.046566
52,28,like,2025-06-11 14:43:20.046570
92,29,view,2025-06-24 14:43:20.046574
42,39,view,2025-06-22 14:43:20.046579
36,40,like,2025-06-09 14:43:20.046583
92,21,view,2025-06-07 14:43:20.046588
68,19,view,2025-06-07 14:43:20.046592
56,7,like,2025-06-23 14:43:20.046596
84,42,like,2025-06-09 14:43:20.046601
93,14,view,2025-05-29 14:43:20.046605
30,27,view,2025-06-12 14:43:20.046610
52,27,like,2025-06-16 14:43:20.046614
55,21,like,2025-06-15 14:43:20.046621
20,44,share,2025-06-24 14:43:20.046625
12,6,view,2025-06-23 14:43:20.046630
96,48,view,2025-06-22 14:43:20.046634
72,4,view,2025-06-09 14:43:20.046638
72,22,like,2025-06-13 14:43:20.046643
46,43,share,2025-06-13 14:43:20.046647
93,4,share,2025-06-07 14:43:20.046652
40,23,view,2025-06-10 14:43:20.046656
28,10,like,2025-06-19 14:43:20.046660
14,23,like,2025-06-15 14:43:20.046665
15,49,view,2025-06-19 14:43:20.046670
55,36,share,2025-05-31 14:43:20.046674
80,40,like,2025-06-09 14:43:20.046678
4,39,share,2025-05-31 14:43:20.046683
89,18,view,2025-06-18 14:43:20.046687
90,49,view,2025-06-16 14:43:20.046691
45,1,view,2025-06-22 14:43:20.046696
73,43,view,2025-06-22 14:43:20.046700
95,41,share,2025-06-24 14:43:20.046704
96,34,view,2025-06-13 14:43:20.046709
59,22,view,2025-06-17 14:43:20.046713
93,21,like,2025-06-08 14:43:20.046717
77,6,like,2025-06-22 14:43:20.046722
21,49,like,2025-06-05 14:43:20.046726
11,18,view,2025-06-13 14:43:20.046730
63,39,view,2025-06-18 14:43:20.046735
28,49,view,2025-06-15 14:43:20.046739
56,8,view,2025-06-05 14:43:20.046743
76,32,view,2025-06-17 14:43:20.046748
6,15,view,2025-06-07 14:43:20.046752
8,1,view,2025-05-27 14:43:20.046756
28,50,view,2025-06-18 14:43:20.046761
38,21,view,2025-06-11 14:43:20.046765
96,28,view,2025-06-14 14:43:20.046769
69,46,view,2025-06-09 14:43:20.046773
86,23,view,2025-05-30 14:43:20.046778
95,3,view,2025-06-12 14:43:20.046782
10,21,view,2025-06-08 14:43:20.046787
52,46,like,2025-06-17 14:43:20.046791
15,26,view,2025-06-16 14:43:20.046795
22,40,view,2025-06-04 14:43:20.046800
47,6,view,2025-06-23 14:43:20.046804
32,28,view,2025-06-10 14:43:20.046809
11,26,like,2025-06-03 14:43:20.046813
44,15,view,2025-06-21 14:43:20.046817
10,33,like,2025-06-10 14:43:20.046822
66,13,share,2025-06-15 14:43:20.046826
45,47,share,2025-06-06 14:43:20.046830
19,16,view,2025-06-18 14:43:20.046835
26,12,like,2025-06-02 14:43:20.046839
98,42,view,2025-05-27 14:43:20.046843
99,41,view,2025-06-02 14:43:20.046848
73,49,view,2025-06-05 14:43:20.046852
73,42,like,2025-06-07 14:43:20.046857
42,41,view,2025-06-12 14:43:20.046861
9,31,view,2025-06-17 14:43:20.046865
36,38,view,2025-06-10 14:43:20.046870
10,20,view,2025-06-25 14:43:20.046874
8,24,like,2025-06-24 14:43:20.046878
83,6,like,2025-06-10 14:43:20.046884
50,30,view,2025-05-27 14:43:20.046888
95,3,view,2025-06-01 14:43:20.046892
74,42,view,2025-06-07 14:43:20.046899
61,33,view,2025-06-25 14:43:20.046904
58,7,like,2025-05-31 14:43:20.046908
44,46,view,2025-06-06 14:43:20.046913
23,3,view,2025-06-12 14:43:20.046917
57,34,view,2025-06-21 14:43:20.046923
47,24,share,2025-06-14 14:43:20.046928
53,50,view,2025-06-07 14:43:20.046932
7,41,like,2025-06-24 14:43:20.046937
43,7,view,2025-06-14 14:43:20.046941
37,17,like,2025-06-05 14:43:20.046945
78,10,view,2025-06-08 14:43:20.046950
85,10,share,2025-06-17 14:43:20.046954
84,45,like,2025-06-22 14:43:20.046958
77,46,share,2025-06-17 14:43:20.046966
72,25,like,2025-06-16 14:43:20.046971
17,43,like,2025-05-27 14:43:20.046975
95,44,share,2025-06-24 14:43:20.046980
83,43,view,2025-06-15 14:43:20.046984
3,24,view,2025-05-27 14:43:20.046988
28,22,share,2025-06-11 14:43:20.046993
25,15,share,2025-06-22 14:43:20.046997
10,19,like,2025-06-23 14:43:20.047001
65,50,view,2025-06-03 14:43:20.047006
68,3,like,2025-05-29 14:43:20.047010
99,40,view,2025-06-14 14:43:20.047014
20,11,view,2025-06-04 14:43:20.047019
99,40,like,2025-06-21 14:43:20.047023
93,29,view,2025-06-15 14:43:20.047028
87,47,view,2025-06-12 14:43:20.047032
79,19,like,2025-06-01 14:43:20.047036
58,15,view,2025-06-17 14:43:20.047041
61,13,view,2025-05-27 14:43:20.047045
74,29,view,2025-06-17 14:43:20.047050
100,25,view,2025-06-13 14:43:20.047054
21,13,like,2025-06-22 14:43:20.047058
33,4,like,2025-05-30 14:43:20.047063
48,36,share,2025-06-04 14:43:20.047067
67,8,view,2025-06-02 14:43:20.047071
21,18,view,2025-06-10 14:43:20.047076
19,28,view,2025-05-28 14:43:20.047080
29,29,like,2025-05-28 14:43:20.047084
4,27,view,2025-06-10 14:43:20.047089
48,16,view,2025-06-24 14:43:20.047093
48,15,view,2025-05-28 14:43:20.047097
13,46,like,2025-06-01 14:43:20.047102
19,9,view,2025-05-28 14:43:20.047106
61,45,like,2025-06-02 14:43:20.047111
91,31,view,2025-06-26 14:43:20.047115
11,2,view,2025-05-31 14:43:20.047119
20,36,share,2025-06-07 14:43:20.047124
68,28,view,2025-06-17 14:43:20.047130
31,20,view,2025-06-19 14:43:20.047135
54,41,like,2025-06-12 14:43:20.047139
9,8,like,2025-06-11 14:43:20.047143
77,35,view,2025-06-10 14:43:20.047148
74,16,like,2025-06-17 14:43:20.047152
55,1,like,2025-06-19 14:43:20.047157
74,27,view,2025-06-05 14:43:20.047161
11,34,share,2025-06-24 14:43:20.047165
68,35,view,2025-06-10 14:43:20.047170
71,2,view,2025-06-11 14:43:20.047174
6,41,view,2025-06-15 14:43:20.047178
33,48,view,2025-06-01 14:43:20.047183
9,23,view,2025-06-05 14:43:20.047190
81,7,like,2025-06-03 14:43:20.047194
97,22,view,2025-06-15 14:43:20.047199
70,22,like,2025-06-21 14:43:20.047204
100,44,view,2025-06-04 14:43:20.047208
62,41,view,2025-06-22 14:43:20.047212
9,46,like,2025-06-12 14:43:20.047217
5,19,view,2025-06-01 14:43:20.047221
26,3,view,2025-06-17 14:43:20.047226
66,26,share,2025-06-09 14:43:20.047230
61,17,view,2025-06-06 14:43:20.047234
25,19,view,2025-06-02 14:43:20.047239
7,42,view,2025-06-23 14:43:20.047243
48,28,like,2025-06-03 14:43:20.047247
57,25,view,2025-06-21 14:43:20.047252
64,45,view,2025-05-28 14:43:20.047256
67,18,like,2025-06-03 14:43:20.047261
55,6,view,2025-05-31 14:43:20.047265
24,35,view,2025-06-23 14:43:20.047269
11,21,like,2025-06-17 14:43:20.047274
58,39,like,2025-06-21 14:43:20.047278
89,29,view,2025-06-25 14:43:20.047282
94,23,like,2025-06-13 14:43:20.047287
36,41,share,2025-05-27 14:43:20.047291
8,5,like,2025-06-14 14:43:20.047295
47,33,like,2025-06-05 14:43:20.047300
21,2,view,2025-06-07 14:43:20.047306
87,29,view,2025-06-24 14:43:20.047310
31,50,like,2025-06-15 14:43:20.047315
50,37,view,2025-06-22 14:43:20.047319
87,29,share,2025-06-15 14:43:20.047323
57,49,view,2025-06-22 14:43:20.047328
68,24,view,2025-06-06 14:43:20.047332
36,16,share,2025-06-26 14:43:20.047337
95,12,view,2025-06-14 14:43:20.047341
72,8,view,2025-06-18 14:43:20.047345
91,29,view,2025-06-07 14:43:20.047350
37,45,share,2025-06-11 14:43:20.047354
26,8,view,2025-06-24 14:43:20.047358
58,12,like,2025-06-12 14:43:20.047362
12,44,share,2025-06-16 14:43:20.047367
86,23,like,2025-06-09 14:43:20.047371
70,19,like,2025-05-30 14:43:20.047376
21,46,like,2025-06-04 14:43:20.047380
82,12,like,2025-06-10 14:43:20.047384
29,8,share,2025-06-01 14:43:20.047389
18,16,like,2025-06-26 14:43:20.047393
47,36,view,2025-06-12 14:43:20.047398
71,9,like,2025-06-24 14:43:20.047403
9,20,view,2025-06-04 14:43:20.047407
93,31,view,2025-06-02 14:43:20.047412
53,37,view,2025-06-16 14:43:20.047416
83,5,view,2025-06-05 14:43:20.047420
67,23,view,2025-05-31 14:43:20.047425
100,36,like,2025-06-21 14:43:20.047429
99,9,view,2025-05-28 14:43:20.047433
8,8,view,2025-06-17 14:43:20.047438
22,11,view,2025-06-04 14:43:20.047442
29,23,share,2025-06-10 14:43:20.047446
37,6,view,2025-06-06 14:43:20.047451
71,18,view,2025-06-17 14:43:20.047455
79,35,view,2025-06-06 14:43:20.047460
22,38,share,2025-06-22 14:43:20.047464
22,43,like,2025-05-29 14:43:20.047468
78,22,like,2025-06-08 14:43:20.047475
6,2,view,2025-05-27 14:43:20.047480
83,50,view,2025-06-06 14:43:20.047484
27,50,view,2025-06-07 14:43:20.047488
82,2,view,2025-06-06 14:43:20.047493
70,19,like,2025-06-17 14:43:20.047497
62,16,like,2025-06-05 14:43:20.047501
52,20,view,2025-06-04 14:43:20.047505
8,11,view,2025-06-11 14:43:20.047510
60,14,view,2025-06-22 14:43:20.047514
41,46,view,2025-05-30 14:43:20.047518
45,26,view,2025-06-15 14:43:20.047523
66,36,view,2025-06-19 14:43:20.047527
60,8,view,2025-06-19 14:43:20.047532
19,7,view,2025-05-27 14:43:20.047536
50,40,view,2025-05-27 14:43:20.047541
21,21,share,2025-06-03 14:43:20.047545
41,13,like,2025-06-11 14:43:20.047549
66,30,view,2025-06-17 14:43:20.047554
64,2,view,2025-06-14 14:43:20.047558
65,30,share,2025-06-20 14:43:20.047563
75,23,view,2025-06-17 14:43:20.047567
64,39,like,2025-06-06 14:43:20.047571
87,31,view,2025-06-26 14:43:20.047576
14,28,view,2025-06-18 14:43:20.047580
94,24,like,2025-06-15 14:43:20.047584
6,26,view,2025-06-09 14:43:20.047588
25,24,view,2025-06-24 14:43:20.047593
50,33,view,2025-06-09 14:43:20.047597
36,40,like,2025-06-23 14:43:20.047601
17,7,view,2025-06-01 14:43:20.047606
44,36,share,2025-06-02 14:43:20.047610
19,13,like,2025-06-14 14:43:20.047615
65,3,view,2025-06-22 14:43:20.047619
92,22,like,2025-06-10 14:43:20.047623
59,10,like,2025-06-10 14:43:20.047628
18,21,share,2025-06-16 14:43:20.047632
21,26,share,2025-06-03 14:43:20.047636
39,38,view,2025-05-31 14:43:20.047641
66,35,view,2025-06-08 14:43:20.047645
39,31,like,2025-06-15 14:43:20.047649
43,44,view,2025-06-13 14:43:20.047653
75,20,like,2025-06-03 14:43:20.047658
89,41,view,2025-06-11 14:43:20.047662
34,42,like,2025-06-02 14:43:20.047667
75,37,view,2025-06-25 14:43:20.047671
75,31,view,2025-06-06 14:43:20.047675
93,40,like,2025-06-14 14:43:20.047680
19,44,view,2025-06-08 14:43:20.047687
90,8,view,2025-06-12 14:43:20.047691
41,27,view,2025-06-04 14:43:20.047696
27,27,view,2025-06-07 14:43:20.047702
61,48,like,2025-06-04 14:43:20.047707
18,34,view,2025-06-16 14:43:20.047712
85,31,view,2025-06-16 14:43:20.047716
23,30,share,2025-06-16 14:43:20.047721
70,23,like,2025-05-30 14:43:20.047726
93,44,like,2025-06-04 14:43:20.047730
34,40,view,2025-05-27 14:43:20.047734
32,18,view,2025-06-19 14:43:20.047739
39,50,view,2025-06-20 14:43:20.047743
89,46,view,2025-06-11 14:43:20.047747
45,36,share,2025-06-01 14:43:20.047752
93,18,view,2025-06-08 14:43:20.047756
87,35,view,2025-06-14 14:43:20.047763
45,50,like,2025-06-17 14:43:20.047768
6,19,share,2025-06-24 14:43:20.047772
45,29,like,2025-06-03 14:43:20.047776
62,14,view,2025-06-09 14:43:20.047781
35,36,like,2025-06-22 14:43:20.047785
14,40,like,2025-06-19 14:43:20.047789
32,4,like,2025-06-10 14:43:20.047794
29,41,view,2025-06-23 14:43:20.047798
53,22,like,2025-06-23 14:43:20.047803
88,50,view,2025-05-27 14:43:20.047807
71,11,view,2025-05-28 14:43:20.047811
61,31,like,2025-06-02 14:43:20.047816
37,21,view,2025-06-25 14:43:20.047820
99,6,like,2025-06-19 14:43:20.047825
69,48,like,2025-05-28 14:43:20.047829
5,12,view,2025-05-31 14:43:20.047834
23,3,share,2025-06-14 14:43:20.047838
64,12,share,2025-05-27 14:43:20.047842
38,3,view,2025-06-08 14:43:20.047847
78,7,share,2025-06-16 14:43:20.047851
37,30,share,2025-06-09 14:43:20.047856
68,32,like,2025-06-22 14:43:20.047860
65,30,view,2025-06-01 14:43:20.047864
15,22,view,2025-06-12 14:43:20.047869
83,17,like,2025-06-26 14:43:20.047873
95,22,like,2025-06-08 14:43:20.047877
87,49,view,2025-06-07 14:43:20.047887
82,26,like,2025-06-10 14:43:20.047892
42,6,view,2025-06-23 14:43:20.047896
24,9,view,2025-05-28 14:43:20.047901
32,1,view,2025-06-19 14:43:20.047905
58,49,view,2025-06-16 14:43:20.047909
39,38,like,2025-06-26 14:43:20.047914
34,42,view,2025-06-19 14:43:20.047919
8,43,view,2025-06-17 14:43:20.047923
21,26,like,2025-05-28 14:43:20.047928
91,50,view,2025-06-23 14:43:20.047932
82,19,view,2025-06-19 14:43:20.047937
29,9,view,2025-06-12 14:43:20.047941
96,39,view,2025-06-04 14:43:20.047945
71,31,like,2025-06-01 14:43:20.047950
86,14,like,2025-06-05 14:43:20.047954
97,39,like,2025-06-24 14:43:20.047959
68,29,view,2025-06-15 14:43:20.047963
10,37,view,2025-05-31 14:43:20.047967
71,33,view,2025-06-09 14:43:20.047972
20,11,view,2025-06-10 14:43:20.047976
57,8,like,2025-06-04 14:43:20.047981
75,32,view,2025-06-10 14:43:20.047985
58,4,view,2025-06-10 14:43:20.047990
54,30,view,2025-06-09 14:43:20.047994
60,44,like,2025-06-03 14:43:20.047998
3,26,view,2025-06-26 14:43:20.048003
96,14,view,2025-06-25 14:43:20.048007
55,23,like,2025-06-09 14:43:20.048011
8,5,share,2025-06-11 14:43:20.048016
5,19,view,2025-06-02 14:43:20.048020
18,50,like,2025-06-03 14:43:20.048025
83,27,view,2025-05-29 14:43:20.048029
49,29,like,2025-05-28 14:43:20.048034
49,25,view,2025-05-27 14:43:20.048038
85,35,view,2025-05-30 14:43:20.048043
45,8,view,2025-06-09 14:43:20.048049
51,34,view,2025-06-19 14:43:20.048054
1,49,view,2025-06-17 14:43:20.048058
60,44,like,2025-06-13 14:43:20.048062
69,25,like,2025-06-19 14:43:20.048067
59,23,view,2025-06-20 14:43:20.048073
93,49,view,2025-06-01 14:43:20.048078
85,27,like,2025-05-28 14:43:20.048082
3,16,view,2025-06-23 14:43:20.048086
77,3,view,2025-06-05 14:43:20.048091
91,4,view,2025-06-25 14:43:20.048095
52,29,view,2025-06-20 14:43:20.048099
97,50,view,2025-06-10 14:43:20.048104
38,15,like,2025-06-03 14:43:20.048108
74,21,view,2025-06-02 14:43:20.048113
87,21,view,2025-05-29 14:43:20.048117
19,43,view,2025-06-13 14:43:20.048674
39,18,view,2025-05-27 14:43:20.048684
76,48,share,2025-06-06 14:43:20.048689
87,28,view,2025-06-25 14:43:20.048694
45,42,like,2025-06-01 14:43:20.048699
68,21,like,2025-06-13 14:43:20.048703
20,20,view,2025-06-02 14:43:20.048708
69,31,view,2025-06-19 14:43:20.048712
39,46,view,2025-06-12 14:43:20.048717
8,36,view,2025-06-13 14:43:20.048721
72,34,view,2025-06-19 14:43:20.048725
33,14,view,2025-06-24 14:43:20.048730
58,24,view,2025-06-03 14:43:20.048734
25,4,view,2025-06-05 14:43:20.048738
78,39,view,2025-06-24 14:43:20.048743
25,49,view,2025-06-05 14:43:20.048747
72,14,view,2025-05-30 14:43:20.048751
43,20,share,2025-06-26 14:43:20.048756
28,13,share,2025-06-23 14:43:20.048760
96,49,view,2025-06-19 14:43:20.048764
90,39,like,2025-06-14 14:43:20.048769
31,36,view,2025-06-17 14:43:20.048773
49,30,view,2025-06-15 14:43:20.048777
40,17,view,2025-05-29 14:43:20.048782
64,30,view,2025-06-03 14:43:20.048786
61,49,like,2025-05-28 14:43:20.048791
27,24,view,2025-06-25 14:43:20.048795
73,15,like,2025-06-26 14:43:20.048799
34,36,share,2025-06-08 14:43:20.048803
93,27,view,2025-06-20 14:43:20.048808
43,15,view,2025-05-31 14:43:20.048812
32,32,view,2025-05-27 14:43:20.048816
88,22,view,2025-05-31 14:43:20.048821
63,47,like,2025-06-11 14:43:20.048825
59,11,like,2025-06-15 14:43:20.048829
22,9,like,2025-06-11 14:43:20.048834
24,35,share,2025-05-27 14:43:20.048842
8,34,view,2025-05-30 14:43:20.048848
10,43,view,2025-06-26 14:43:20.048852
53,9,like,2025-06-19 14:43:20.048857
9,46,view,2025-06-20 14:43:20.048861
65,30,view,2025-06-07 14:43:20.048866
82,43,share,2025-05-28 14:43:20.048870
62,43,view,2025-06-26 14:43:20.048874
69,36,view,2025-06-26 14:43:20.048879
68,47,view,2025-06-17 14:43:20.048883
3,33,like,2025-06-05 14:43:20.048887
56,12,view,2025-06-23 14:43:20.048892
68,10,view,2025-06-07 14:43:20.048899
68,17,like,2025-06-18 14:43:20.048903
51,6,view,2025-06-14 14:43:20.048908
59,37,view,2025-06-04 14:43:20.048912
29,20,like,2025-05-30 14:43:20.048916
11,42,share,2025-06-06 14:43:20.048921
98,3,view,2025-06-14 14:43:20.048925
49,36,view,2025-06-06 14:43:20.048929
2,45,view,2025-06-11 14:43:20.048934
56,42,like,2025-06-08 14:43:20.048938
13,34,share,2025-06-19 14:43:20.048943
28,45,like,2025-06-11 14:43:20.048947
35,3,share,2025-06-05 14:43:20.048951
36,35,view,2025-06-25 14:43:20.048956
23,21,view,2025-06-20 14:43:20.048960
76,10,like,2025-06-04 14:43:20.048965
51,5,view,2025-06-08 14:43:20.048969
31,37,like,2025-06-14 14:43:20.048973
87,35,view,2025-06-02 14:43:20.048979
95,9,like,2025-06-04 14:43:20.048983
93,6,view,2025-06-15 14:43:20.048987
7,7,view,2025-05-31 14:43:20.048992
10,22,like,2025-06-07 14:43:20.048996
77,26,share,2025-06-16 14:43:20.049000
4,41,view,2025-06-12 14:43:20.049005
63,15,view,2025-05-27 14:43:20.049009
49,28,view,2025-06-08 14:43:20.049016
85,25,view,2025-06-07 14:43:20.049021
38,16,like,2025-06-24 14:43:20.049025
35,10,view,2025-06-01 14:43:20.049030
82,10,like,2025-06-16 14:43:20.049034
47,7,view,2025-05-27 14:43:20.049038
40,29,view,2025-06-18 14:43:20.049043
14,9,view,2025-06-13 14:43:20.049047
58,36,view,2025-06-13 14:43:20.049052
14,2,view,2025-06-09 14:43:20.049056
12,39,view,2025-06-16 14:43:20.049060
50,1,view,2025-06-14 14:43:20.049065
100,6,like,2025-06-09 14:43:20.049069
32,37,view,2025-06-05 14:43:20.049074
49,11,view,2025-06-17 14:43:20.049078
35,32,view,2025-06-21 14:43:20.049083
56,18,view,2025-06-11 14:43:20.049087
10,24,view,2025-06-19 14:43:20.049092
93,41,view,2025-06-07 14:43:20.049096
26,30,view,2025-06-17 14:43:20.049100
1,26,view,2025-06-07 14:43:20.049105
49,22,view,2025-06-13 14:43:20.049109
84,39,view,2025-06-16 14:43:20.049114
78,45,view,2025-06-16 14:43:20.049118
23,26,share,2025-06-17 14:43:20.049123
95,45,like,2025-05-27 14:43:20.049127
74,16,view,2025-06-18 14:43:20.049131
51,24,view,2025-06-08 14:43:20.049136
26,38,share,2025-06-21 14:43:20.049140
88,50,view,2025-05-27 14:43:20.049145
94,30,share,2025-06-20 14:43:20.049149
57,19,like,2025-06-24 14:43:20.049153
53,44,view,2025-06-06 14:43:20.049158
39,16,view,2025-06-22 14:43:20.049162
92,28,like,2025-06-24 14:43:20.049166
58,39,view,2025-06-14 14:43:20.049171
69,33,share,2025-05-30 14:43:20.049175
89,27,view,2025-06-01 14:43:20.049180
47,45,like,2025-06-09 14:43:20.049186
77,41,share,2025-06-23 14:43:20.049191
99,16,like,2025-06-15 14:43:20.049195
22,42,like,2025-06-08 14:43:20.049199
83,44,like,2025-05-27 14:43:20.049204
97,22,share,2025-06-13 14:43:20.049208
14,1,view,2025-06-19 14:43:20.049213
66,48,view,2025-06-08 14:43:20.049217
89,37,view,2025-06-15 14:43:20.049221
51,30,like,2025-06-08 14:43:20.049226
89,33,view,2025-06-26 14:43:20.049230
62,7,view,2025-05-28 14:43:20.049235
11,8,like,2025-06-03 14:43:20.049239
19,23,view,2025-06-12 14:43:20.049243
27,34,view,2025-06-11 14:43:20.049248
13,29,like,2025-06-12 14:43:20.049252
41,5,view,2025-06-01 14:43:20.049256
91,8,view,2025-06-16 14:43:20.049261
83,7,like,2025-06-21 14:43:20.049265
95,16,view,2025-06-09 14:43:20.049270
21,22,view,2025-05-27 14:43:20.049274
60,15,like,2025-06-06 14:43:20.049279
24,12,like,2025-06-13 14:43:20.049283
51,2,like,2025-05-29 14:43:20.049287
26,29,view,2025-06-14 14:43:20.049292
1,46,view,2025-06-18 14:43:20.049297
97,46,like,2025-06-24 14:43:20.049301
74,7,like,2025-06-09 14:43:20.049305
24,24,view,2025-06-12 14:43:20.049310
15,17,like,2025-06-11 14:43:20.049314
68,41,view,2025-06-14 14:43:20.049319
79,26,view,2025-06-15 14:43:20.049323
46,30,like,2025-05-31 14:43:20.049327
87,46,like,2025-05-28 14:43:20.049332
79,38,view,2025-06-22 14:43:20.049336
41,8,view,2025-06-23 14:43:20.049341
24,24,like,2025-06-10 14:43:20.049345
50,27,view,2025-06-08 14:43:20.049349
50,28,view,2025-06-06 14:43:20.049354
69,45,share,2025-05-28 14:43:20.049358
23,36,view,2025-06-17 14:43:20.049362
18,12,view,2025-06-12 14:43:20.049367
80,4,like,2025-05-27 14:43:20.049371
2,32,view,2025-05-31 14:43:20.049375
50,36,view,2025-06-11 14:43:20.049380
53,44,view,2025-06-04 14:43:20.049384
57,32,view,2025-06-08 14:43:20.049389
4,49,view,2025-06-25 14:43:20.049396
36,15,view,2025-06-21 14:43:20.049400
100,30,view,2025-06-02 14:43:20.049405
99,32,view,2025-06-23 14:43:20.049411
74,8,view,2025-06-09 14:43:20.049416
47,35,like,2025-06-25 14:43:20.049421
98,47,view,2025-06-20 14:43:20.049425
55,7,like,2025-06-06 14:43:20.049429
97,16,view,2025-06-25 14:43:20.049434
58,17,view,2025-05-31 14:43:20.049438
12,29,like,2025-06-23 14:43:20.049443
100,16,view,2025-06-03 14:43:20.049447
76,45,view,2025-06-04 14:43:20.049451
79,41,view,2025-06-07 14:43:20.049458
18,14,like,2025-06-01 14:43:20.049463
8,37,view,2025-06-18 14:43:20.049468
77,35,view,2025-06-04 14:43:20.049472
38,19,view,2025-05-27 14:43:20.049479
66,44,like,2025-06-22 14:43:20.049484
97,27,share,2025-06-18 14:43:20.049488
84,9,like,2025-06-22 14:43:20.049493
32,10,like,2025-05-31 14:43:20.049498
32,49,like,2025-06-14 14:43:20.049502
63,10,view,2025-06-18 14:43:20.049507
81,27,view,2025-06-24 14:43:20.049511
82,50,view,2025-06-10 14:43:20.049515
96,18,like,2025-05-29 14:43:20.049520
48,30,share,2025-06-16 14:43:20.049524
75,1,like,2025-05-30 14:43:20.049529
94,6,like,2025-06-12 14:43:20.049533
82,43,like,2025-05-30 14:43:20.049537
9,35,view,2025-05-27 14:43:20.049542
55,14,view,2025-06-16 14:43:20.049546
37,22,view,2025-06-22 14:43:20.049551
73,32,like,2025-05-29 14:43:20.049555
88,49,view,2025-06-23 14:43:20.049559
81,30,view,2025-05-28 14:43:20.049564
21,29,view,2025-05-27 14:43:20.049568
55,13,share,2025-05-28 14:43:20.049573
17,42,view,2025-05-30 14:43:20.049577
36,6,like,2025-06-18 14:43:20.049581
11,24,like,2025-06-06 14:43:20.049586
22,4,view,2025-06-17 14:43:20.049590
93,45,like,2025-06-13 14:43:20.049595
84,6,like,2025-06-26 14:43:20.049599
28,31,view,2025-06-08 14:43:20.049603
29,34,like,2025-06-26 14:43:20.049608
2,45,view,2025-06-23 14:43:20.049612
55,45,view,2025-06-24 14:43:20.049616
30,25,view,2025-06-01 14:43:20.049621
14,7,view,2025-05-29 14:43:20.049625
39,9,view,2025-05-31 14:43:20.049630
97,9,like,2025-06-05 14:43:20.049634
19,5,view,2025-06-26 14:43:20.049638
79,42,view,2025-06-15 14:43:20.049643
93,14,like,2025-06-22 14:43:20.049647
53,40,like,2025-05-30 14:43:20.049651
28,6,like,2025-06-22 14:43:20.049656
97,8,view,2025-06-14 14:43:20.049660
45,28,view,2025-06-22 14:43:20.049664
32,18,like,2025-06-19 14:43:20.049669
71,39,like,2025-06-07 14:43:20.049673
37,50,share,2025-06-26 14:43:20.049678
85,20,view,2025-06-07 14:43:20.049682
66,13,like,2025-06-17 14:43:20.049686
83,4,like,2025-06-01 14:43:20.049691
31,32,view,2025-06-19 14:43:20.049695
64,41,view,2025-06-10 14:43:20.049699
2,24,share,2025-06-22 14:43:20.049704
50,37,view,2025-06-09 14:43:20.049708
88,12,like,2025-05-27 14:43:20.049713
99,5,view,2025-06-24 14:43:20.049717
2,17,view,2025-05-28 14:43:20.049721
8,26,view,2025-06-06 14:43:20.049726
92,33,like,2025-06-13 14:43:20.049730
90,26,view,2025-06-09 14:43:20.049735
69,40,view,2025-06-24 14:43:20.049739
40,6,view,2025-06-20 14:43:20.049743
20,35,view,2025-06-08 14:43:20.049748
82,49,like,2025-06-05 14:43:20.049752
83,5,view,2025-06-13 14:43:20.049758
94,16,view,2025-06-24 14:43:20.049763
56,8,view,2025-06-07 14:43:20.049767
8,20,like,2025-06-05 14:43:20.049771
95,12,view,2025-06-04 14:43:20.049776
18,45,view,2025-06-11 14:43:20.049780
45,34,view,2025-05-31 14:43:20.049787
93,17,view,2025-06-22 14:43:20.049792
96,50,like,2025-06-03 14:43:20.049796
16,50,like,2025-06-16 14:43:20.049801
55,18,view,2025-06-18 14:43:20.049806
92,37,like,2025-06-11 14:43:20.049811
59,33,view,2025-06-11 14:43:20.049815
73,11,view,2025-06-18 14:43:20.049820
99,7,like,2025-06-05 14:43:20.049824
93,8,view,2025-06-10 14:43:20.049829
1,3,like,2025-06-26 14:43:20.049833
32,3,view,2025-06-14 14:43:20.049837
20,12,share,2025-05-30 14:43:20.049842
5,36,like,2025-06-04 14:43:20.049846
95,42,view,2025-06-16 14:43:20.049850
32,27,share,2025-06-16 14:43:20.049855
35,5,view,2025-06-23 14:43:20.049859
65,44,share,2025-06-21 14:43:20.049864
29,34,share,2025-05-27 14:43:20.049868
52,5,like,2025-05-30 14:43:20.049873
37,50,like,2025-06-16 14:43:20.049877
12,36,view,2025-06-15 14:43:20.049881
26,19,view,2025-06-17 14:43:20.049886
95,40,view,2025-06-15 14:43:20.049890
76,32,share,2025-06-02 14:43:20.049894
26,47,share,2025-06-02 14:43:20.049899
32,10,view,2025-06-13 14:43:20.049903
4,15,view,2025-06-06 14:43:20.049907
89,1,share,2025-06-26 14:43:20.049912
98,43,view,2025-06-03 14:43:20.049916
94,20,view,2025-06-10 14:43:20.049920
31,27,view,2025-06-25 14:43:20.049924
19,46,view,2025-06-25 14:43:20.049929
30,34,view,2025-05-29 14:43:20.049933
48,30,share,2025-06-24 14:43:20.049938
75,7,view,2025-06-06 14:43:20.049942
51,5,view,2025-06-25 14:43:20.049946
56,43,share,2025-06-19 14:43:20.049951
38,17,like,2025-05-28 14:43:20.049955
51,45,like,2025-06-16 14:43:20.049959
41,29,view,2025-06-24 14:43:20.049964
26,9,like,2025-06-08 14:43:20.049968
14,10,view,2025-06-12 14:43:20.049972
60,21,view,2025-06-09 14:43:20.049977
46,50,view,2025-06-17 14:43:20.049981
60,17,like,2025-06-24 14:43:20.049987
21,44,view,2025-06-04 14:43:20.049992
90,39,view,2025-05-31 14:43:20.049997
42,10,view,2025-06-19 14:43:20.050002
46,26,view,2025-06-05 14:43:20.050006
39,17,like,2025-06-21 14:43:20.050011
4,26,like,2025-06-09 14:43:20.050016
96,36,view,2025-06-12 14:43:20.050020
14,9,view,2025-06-25 14:43:20.050024
100,15,view,2025-05-31 14:43:20.050029
52,24,like,2025-05-27 14:43:20.050033
83,6,view,2025-06-18 14:43:20.050038
10,2,share,2025-06-20 14:43:20.050042
83,29,like,2025-06-24 14:43:20.050048
43,8,view,2025-06-12 14:43:20.050053
7,11,share,2025-06-13 14:43:20.050058
93,26,view,2025-06-14 14:43:20.050062
88,28,view,2025-06-20 14:43:20.050066
24,18,view,2025-05-29 14:43:20.050071
20,3,like,2025-06-07 14:43:20.050075
32,42,view,2025-06-13 14:43:20.050079
71,31,view,2025-06-18 14:43:20.050084
50,9,view,2025-06-06 14:43:20.050088
68,16,like,2025-06-01 14:43:20.050092
70,2,share,2025-06-01 14:43:20.050097
92,23,view,2025-06-01 14:43:20.050101
63,23,share,2025-06-10 14:43:20.050105
42,25,view,2025-06-26 14:43:20.050110
41,39,view,2025-05-29 14:43:20.050114
100,18,view,2025-06-11 14:43:20.050118
68,23,like,2025-06-19 14:43:20.050123
21,7,view,2025-06-19 14:43:20.050127
35,35,like,2025-05-28 14:43:20.050131
95,4,like,2025-05-27 14:43:20.050136
29,37,like,2025-06-01 14:43:20.050140
50,23,share,2025-05-30 14:43:20.050145
23,12,view,2025-06-16 14:43:20.050149
95,45,view,2025-06-08 14:43:20.050153
4,46,like,2025-05-27 14:43:20.050158
73,37,view,2025-05-27 14:43:20.050165
25,32,view,2025-06-21 14:43:20.050169
63,3,view,2025-06-19 14:43:20.050174
78,15,view,2025-06-11 14:43:20.050178
1,22,share,2025-06-20 14:43:20.050183
17,22,like,2025-05-28 14:43:20.050187
42,4,view,2025-06-08 14:43:20.050191
91,10,like,2025-05-30 14:43:20.050196
68,24,share,2025-06-15 14:43:20.050200
91,43,view,2025-06-23 14:43:20.050205
44,20,view,2025-06-21 14:43:20.050209
94,28,like,2025-05-27 14:43:20.050213
63,42,view,2025-06-04 14:43:20.050218
72,45,like,2025-06-07 14:43:20.050222
46,15,like,2025-05-31 14:43:20.050227
23,25,view,2025-06-04 14:43:20.050231
38,9,view,2025-06-26 14:43:20.050236
90,37,view,2025-06-02 14:43:20.050240
73,3,view,2025-06-16 14:43:20.050244
79,15,like,2025-06-23 14:43:20.050249
64,10,view,2025-06-24 14:43:20.050253
31,23,share,2025-06-21 14:43:20.050258
82,6,like,2025-06-05 14:43:20.050262
82,47,like,2025-06-12 14:43:20.050266
2,17,view,2025-06-04 14:43:20.050271
9,23,view,2025-06-23 14:43:20.050275
93,1,view,2025-06-12 14:43:20.050279
94,27,share,2025-05-29 14:43:20.050284
53,32,like,2025-06-15 14:43:20.050288
70,25,view,2025-06-11 14:43:20.050292
74,42,like,2025-06-19 14:43:20.050297
21,29,view,2025-05-30 14:43:20.050301
5,19,view,2025-06-18 14:43:20.050306
14,5,view,2025-05-29 14:43:20.050310
49,11,like,2025-06-09 14:43:20.050314
12,22,view,2025-06-07 14:43:20.050319
62,46,view,2025-05-27 14:43:20.050323
84,11,like,2025-06-13 14:43:20.050328
21,4,view,2025-06-20 14:43:20.050334
25,27,like,2025-06-03 14:43:20.050339
94,35,view,2025-06-17 14:43:20.050344
39,16,view,2025-06-14 14:43:20.050348
74,36,like,2025-06-22 14:43:20.050352
7,24,view,2025-06-24 14:43:20.050357
38,43,like,2025-06-11 14:43:20.050361
26,7,view,2025-06-21 14:43:20.050365
82,19,share,2025-06-11 14:43:20.050370
15,20,like,2025-06-11 14:43:20.050375
63,43,view,2025-06-06 14:43:20.050379
70,25,view,2025-05-29 14:43:20.050383
49,24,view,2025-06-25 14:43:20.050388
34,29,view,2025-06-19 14:43:20.050392
35,37,view,2025-06-02 14:43:20.050397
90,43,view,2025-06-05 14:43:20.050401
45,35,view,2025-06-02 14:43:20.050406
76,15,view,2025-05-31 14:43:20.050410
50,34,view,2025-06-09 14:43:20.050414
88,31,view,2025-06-19 14:43:20.050419
61,20,view,2025-05-29 14:43:20.050423
92,3,view,2025-05-29 14:43:20.050428
67,37,like,2025-06-07 14:43:20.050432
19,8,share,2025-06-12 14:43:20.050436
23,11,share,2025-06-01 14:43:20.050441
25,9,view,2025-06-24 14:43:20.050445
88,28,view,2025-05-31 14:43:20.050449
81,10,like,2025-06-18 14:43:20.050454
41,47,share,2025-06-24 14:43:20.050458
12,25,view,2025-06-09 14:43:20.050463
42,18,view,2025-05-28 14:43:20.050467
2,45,like,2025-06-10 14:43:20.050472
54,8,view,2025-06-22 14:43:20.050476
73,38,view,2025-05-27 14:43:20.050480
13,7,view,2025-06-23 14:43:20.050486
37,35,like,2025-05-29 14:43:20.050490
53,17,view,2025-06-11 14:43:20.050494
74,39,view,2025-06-21 14:43:20.050499
36,26,view,2025-06-07 14:43:20.050503
88,45,view,2025-06-14 14:43:20.050508
43,45,view,2025-06-03 14:43:20.050512
61,18,like,2025-06-26 14:43:20.050517
44,20,view,2025-05-31 14:43:20.050521
63,45,like,2025-05-30 14:43:20.050525
30,9,view,2025-06-03 14:43:20.050530
57,50,like,2025-06-18 14:43:20.050534
94,27,like,2025-06-24 14:43:20.050539
25,29,view,2025-05-31 14:43:20.050545
53,48,view,2025-06-10 14:43:20.050550
48,4,view,2025-06-21 14:43:20.050554
9,20,like,2025-06-14 14:43:20.050558
18,50,like,2025-05-29 14:43:20.050564
73,2,view,2025-05-29 14:43:20.050569
26,4,view,2025-06-12 14:43:20.050574
7,24,like,2025-06-18 14:43:20.050578
48,30,view,2025-06-06 14:43:20.050583
16,44,view,2025-06-15 14:43:20.050587
63,39,view,2025-05-27 14:43:20.050592
61,38,view,2025-06-15 14:43:20.050596
21,17,like,2025-06-04 14:43:20.050601
12,19,view,2025-06-25 14:43:20.050605
21,37,like,2025-06-20 14:43:20.050609
29,42,view,2025-06-20 14:43:20.050614
35,42,view,2025-06-26 14:43:20.050618
100,50,like,2025-06-11 14:43:20.050625
17,42,view,2025-06-01 14:43:20.050630
2,15,view,2025-06-01 14:43:20.050634
40,46,share,2025-06-06 14:43:20.050639
36,28,like,2025-05-30 14:43:20.050643
45,30,view,2025-06-12 14:43:20.050647
39,44,view,2025-06-07 14:43:20.050652
51,38,view,2025-06-10 14:43:20.050656
85,24,view,2025-06-07 14:43:20.050661
78,19,view,2025-06-23 14:43:20.050665
62,5,view,2025-06-18 14:43:20.050670
82,21,like,2025-06-18 14:43:20.050674
84,46,share,2025-06-06 14:43:20.050678
39,13,view,2025-06-02 14:43:20.050683
31,4,like,2025-06-01 14:43:20.050687
77,26,like,2025-06-05 14:43:20.050691
18,47,view,2025-06-11 14:43:20.050696
38,17,share,2025-06-14 14:43:20.050700
50,48,view,2025-06-04 14:43:20.050704
74,13,view,2025-06-04 14:43:20.050709
29,44,view,2025-06-01 14:43:20.050713
61,43,view,2025-06-17 14:43:20.050718
22,43,like,2025-06-21 14:43:20.050722
38,7,view,2025-06-03 14:43:20.050726
34,47,like,2025-06-02 14:43:20.050731
24,44,like,2025-06-06 14:43:20.050735
12,15,view,2025-06-03 14:43:20.050739
40,27,like,2025-06-16 14:43:20.050744
48,17,view,2025-06-12 14:43:20.050748
16,31,view,2025-06-06 14:43:20.050753
75,38,share,2025-06-24 14:43:20.050757
61,13,view,2025-05-30 14:43:20.050761
88,25,view,2025-06-13 14:43:20.050766
7,10,view,2025-06-20 14:43:20.050770
44,27,share,2025-05-29 14:43:20.050774
59,10,view,2025-06-04 14:43:20.050779
24,50,view,2025-06-16 14:43:20.050783
81,12,view,2025-06-25 14:43:20.050788
1,29,view,2025-06-02 14:43:20.050792
100,11,view,2025-06-21 14:43:20.050797
63,49,like,2025-06-22 14:43:20.050801
79,28,like,2025-06-14 14:43:20.050805
55,31,view,2025-06-25 14:43:20.050810
69,13,like,2025-05-27 14:43:20.050814
2,21,like,2025-06-10 14:43:20.050819
25,2,like,2025-06-06 14:43:20.050823
94,16,view,2025-05-29 14:43:20.050827
45,20,view,2025-06-14 14:43:20.050832
65,38,view,2025-06-24 14:43:20.050836
6,20,share,2025-06-12 14:43:20.050841
94,34,view,2025-06-16 14:43:20.050845
56,44,share,2025-06-16 14:43:20.050849
63,23,like,2025-06-21 14:43:20.050854
52,2,view,2025-06-03 14:43:20.050858
17,14,like,2025-06-08 14:43:20.050863
65,11,view,2025-06-04 14:43:20.050867
84,3,view,2025-06-06 14:43:20.050872
33,50,view,2025-06-25 14:43:20.050876
77,4,like,2025-06-06 14:43:20.050880
3,4,like,2025-06-13 14:43:20.050885
57,25,view,2025-06-18 14:43:20.050889
61,45,view,2025-06-04 14:43:20.050894
88,41,view,2025-06-13 14:43:20.050898
85,7,like,2025-06-18 14:43:20.050905
80,39,like,2025-06-13 14:43:20.050909
14,33,like,2025-06-23 14:43:20.050914
37,8,like,2025-06-11 14:43:20.050918
26,39,view,2025-06-18 14:43:20.050923
67,13,view,2025-06-13 14:43:20.050929
38,11,view,2025-06-11 14:43:20.050934
27,45,share,2025-06-16 14:43:20.050938
31,1,view,2025-06-24 14:43:20.050943
15,37,like,2025-06-22 14:43:20.050947
12,50,view,2025-06-03 14:43:20.050951
93,7,share,2025-06-06 14:43:20.050956
30,30,share,2025-06-17 14:43:20.050960
34,30,view,2025-05-31 14:43:20.050964
23,3,like,2025-06-15 14:43:20.050969
87,21,view,2025-06-23 14:43:20.050973
13,49,like,2025-06-26 14:43:20.050977
18,43,like,2025-06-16 14:43:20.050982
46,29,share,2025-06-18 14:43:20.050987
94,6,view,2025-06-16 14:43:20.050991
24,8,view,2025-05-27 14:43:20.050996
59,18,like,2025-06-04 14:43:20.051000
62,27,like,2025-06-01 14:43:20.051005
22,8,view,2025-06-03 14:43:20.051009
8,11,view,2025-05-28 14:43:20.051013
76,31,like,2025-06-05 14:43:20.051018
57,12,like,2025-06-02 14:43:20.051022
46,40,view,2025-06-05 14:43:20.051027
94,9,view,2025-06-11 14:43:20.051031
15,27,view,2025-06-24 14:43:20.051036
34,42,view,2025-06-04 14:43:20.051040
87,34,like,2025-06-08 14:43:20.051045
93,37,view,2025-05-27 14:43:20.051049
86,22,view,2025-06-04 14:43:20.051053
90,40,view,2025-06-05 14:43:20.051058
94,16,view,2025-06-05 14:43:20.051062
87,42,view,2025-05-31 14:43:20.051066
72,40,view,2025-06-06 14:43:20.051071
21,33,like,2025-05-30 14:43:20.051075
64,11,view,2025-06-11 14:43:20.051080
42,16,view,2025-06-18 14:43:20.051084
7,33,view,2025-06-06 14:43:20.051088
49,26,like,2025-06-24 14:43:20.051093
59,29,like,2025-06-12 14:43:20.051097
12,32,view,2025-06-23 14:43:20.051102
64,48,like,2025-06-23 14:43:20.051106
52,27,view,2025-06-09 14:43:20.051110
1,6,like,2025-05-27 14:43:20.051115
80,41,view,2025-06-10 14:43:20.051119
72,14,like,2025-06-12 14:43:20.051124
44,24,like,2025-05-31 14:43:20.051128
29,30,view,2025-06-02 14:43:20.051132
80,39,view,2025-06-05 14:43:20.051139
47,46,view,2025-06-23 14:43:20.051144
98,43,view,2025-06-16 14:43:20.051148
46,41,share,2025-06-17 14:43:20.051153
71,34,view,2025-06-23 14:43:20.051157
6,11,view,2025-05-31 14:43:20.051161
92,48,like,2025-06-23 14:43:20.051166
33,40,view,2025-06-23 14:43:20.051170
51,14,view,2025-06-01 14:43:20.051174
25,46,view,2025-06-02 14:43:20.051179
54,3,share,2025-05-31 14:43:20.051183
87,38,view,2025-05-29 14:43:20.051187
58,30,like,2025-05-27 14:43:20.051194
65,9,share,2025-06-26 14:43:20.051198
68,48,view,2025-05-28 14:43:20.051203
56,38,view,2025-06-10 14:43:20.051207
100,12,like,2025-06-21 14:43:20.051212
94,9,view,2025-06-05 14:43:20.051216
77,39,like,2025-06-10 14:43:20.051221
50,27,share,2025-05-28 14:43:20.051225
89,49,view,2025-06-14 14:43:20.051229
44,19,view,2025-06-22 14:43:20.051234
18,27,like,2025-05-29 14:43:20.051238
96,33,view,2025-06-04 14:43:20.051242
71,21,like,2025-05-28 14:43:20.051247
71,41,view,2025-06-20 14:43:20.051251
80,46,view,2025-06-15 14:43:20.051256
87,9,share,2025-06-06 14:43:20.051260
23,33,view,2025-06-06 14:43:20.051265
42,46,view,2025-06-15 14:43:20.051269
72,31,view,2025-05-27 14:43:20.051273
86,46,view,2025-06-03 14:43:20.051278
69,19,like,2025-06-13 14:43:20.051282
2,34,view,2025-06-14 14:43:20.051286
19,4,like,2025-06-20 14:43:20.051291
35,49,like,2025-06-17 14:43:20.051295
88,17,view,2025-06-25 14:43:20.051300
89,19,view,2025-06-09 14:43:20.051304
5,23,like,2025-06-23 14:43:20.051309
79,44,like,2025-05-30 14:43:20.051316
29,48,like,2025-06-14 14:43:20.051320
31,33,like,2025-06-01 14:43:20.051325
90,19,like,2025-06-25 14:43:20.051329
49,25,view,2025-06-01 14:43:20.051334
88,21,share,2025-06-25 14:43:20.051338
2,48,view,2025-06-07 14:43:20.051343
100,29,like,2025-05-28 14:43:20.051348
82,46,like,2025-06-15 14:43:20.051352
97,38,view,2025-06-07 14:43:20.051356
26,50,like,2025-06-20 14:43:20.051361
38,29,view,2025-06-05 14:43:20.051365
10,12,share,2025-06-03 14:43:20.051370
66,8,view,2025-06-13 14:43:20.051374
36,36,view,2025-06-21 14:43:20.051378
75,17,view,2025-06-12 14:43:20.051383
91,10,view,2025-05-28 14:43:20.051387
42,39,view,2025-05-28 14:43:20.051391
81,40,like,2025-06-17 14:43:20.051396
63,37,view,2025-06-24 14:43:20.051400
91,21,view,2025-05-27 14:43:20.051404
24,34,view,2025-06-10 14:43:20.051409
21,27,view,2025-06-14 14:43:20.051413
12,23,view,2025-06-20 14:43:20.051418
85,22,view,2025-06-17 14:43:20.051422
28,49,like,2025-06-11 14:43:20.051426
72,49,share,2025-06-26 14:43:20.051431
15,43,view,2025-06-19 14:43:20.051435
83,40,share,2025-06-19 14:43:20.051440
6,44,like,2025-06-14 14:43:20.051444
15,25,view,2025-06-03 14:43:20.051449
37,2,share,2025-05-31 14:43:20.051453
99,24,view,2025-06-10 14:43:20.051457
58,32,view,2025-05-29 14:43:20.051462
84,13,view,2025-06-24 14:43:20.051466
13,11,share,2025-06-02 14:43:20.051470
69,35,view,2025-06-24 14:43:20.051474
27,43,like,2025-06-20 14:43:20.051481
88,28,like,2025-06-20 14:43:20.051486
69,45,like,2025-06-03 14:43:20.051491
100,28,like,2025-05-27 14:43:20.051495
10,48,like,2025-06-26 14:43:20.051500
59,46,view,2025-06-24 14:43:20.051504
10,4,view,2025-06-18 14:43:20.051508
72,5,view,2025-06-19 14:43:20.051513
34,27,view,2025-06-06 14:43:20.051517
52,28,view,2025-06-14 14:43:20.051521
87,8,view,2025-06-06 14:43:20.051526
93,40,view,2025-06-03 14:43:20.051530
75,3,like,2025-06-24 14:43:20.051535
46,33,view,2025-06-01 14:43:20.051539
88,20,like,2025-06-17 14:43:20.051543
98,29,view,2025-05-31 14:43:20.051548
85,2,view,2025-06-09 14:43:20.051552
29,9,like,2025-06-01 14:43:20.051557
70,19,share,2025-06-22 14:43:20.051561
39,44,like,2025-05-27 14:43:20.051566
94,42,view,2025-05-27 14:43:20.051570
2,36,like,2025-06-22 14:43:20.051575
16,3,view,2025-06-07 14:43:20.051579
51,35,view,2025-06-24 14:43:20.051583
40,14,like,2025-05-29 14:43:20.051588
93,23,view,2025-05-29 14:43:20.051592
83,33,view,2025-06-21 14:43:20.051597
29,40,like,2025-06-20 14:43:20.051601
15,12,like,2025-06-08 14:43:20.051605
7,49,share,2025-06-09 14:43:20.051610
60,42,view,2025-06-17 14:43:20.051614
86,5,view,2025-06-20 14:43:20.051619
93,38,view,2025-06-16 14:43:20.051623
46,9,like,2025-06-19 14:43:20.051628
13,19,like,2025-05-29 14:43:20.051632
25,21,view,2025-06-16 14:43:20.051637
79,43,view,2025-06-08 14:43:20.051641
20,37,view,2025-06-01 14:43:20.051647
41,28,view,2025-06-16 14:43:20.051651
32,15,like,2025-06-06 14:43:20.051656
56,18,like,2025-06-22 14:43:20.051660
87,47,view,2025-06-11 14:43:20.051665
60,29,view,2025-06-17 14:43:20.051669
63,36,view,2025-06-06 14:43:20.051674
78,6,like,2025-05-30 14:43:20.051678
18,35,view,2025-06-03 14:43:20.051683
81,5,like,2025-05-29 14:43:20.051687
3,33,like,2025-05-31 14:43:20.051694
75,38,view,2025-06-08 14:43:20.051699
28,3,view,2025-06-09 14:43:20.051703
70,31,like,2025-06-22 14:43:20.051709
47,26,view,2025-06-02 14:43:20.051714
76,47,like,2025-06-22 14:43:20.051718
60,33,view,2025-06-14 14:43:20.051723
47,33,view,2025-06-19 14:43:20.051727
79,44,view,2025-06-10 14:43:20.051732
18,29,view,2025-06-08 14:43:20.051736
73,43,like,2025-06-22 14:43:20.051741
95,47,view,2025-06-15 14:43:20.051746
6,15,like,2025-06-19 14:43:20.051750
9,17,view,2025-06-25 14:43:20.051754
86,14,view,2025-06-01 14:43:20.051759
47,25,view,2025-06-12 14:43:20.051766
6,3,share,2025-06-16 14:43:20.051771
14,46,share,2025-06-06 14:43:20.051777
36,48,view,2025-06-09 14:43:20.051782
73,12,view,2025-06-14 14:43:20.051786
47,38,like,2025-05-31 14:43:20.051791
10,34,view,2025-05-28 14:43:20.051815
29,34,view,2025-05-31 14:43:20.051820
45,32,like,2025-05-29 14:43:20.051824
78,1,view,2025-06-22 14:43:20.051828
57,11,view,2025-06-10 14:43:20.051833
83,18,view,2025-06-21 14:43:20.051837
21,24,like,2025-05-31 14:43:20.051842
16,43,view,2025-06-01 14:43:20.051846
43,47,view,2025-06-05 14:43:20.051850
62,31,view,2025-06-21 14:43:20.051855
83,27,view,2025-06-25 14:43:20.051859
17,37,view,2025-06-22 14:43:20.051863
81,33,view,2025-06-08 14:43:20.051868
19,4,view,2025-05-28 14:43:20.051872
24,34,share,2025-06-07 14:43:20.051876
73,41,view,2025-06-03 14:43:20.051880
94,43,like,2025-05-27 14:43:20.051885
11,14,view,2025-06-11 14:43:20.051889
62,11,view,2025-06-13 14:43:20.051894
77,10,like,2025-05-31 14:43:20.051898
99,12,like,2025-06-10 14:43:20.051902
34,11,like,2025-06-16 14:43:20.051907
59,39,view,2025-06-19 14:43:20.051911
49,25,view,2025-06-26 14:43:20.051916
26,34,like,2025-06-10 14:43:20.051920
88,27,like,2025-06-07 14:43:20.051924
13,12,view,2025-06-07 14:43:20.051929
77,3,like,2025-06-09 14:43:20.051933
65,49,view,2025-06-11 14:43:20.051937
85,9,share,2025-06-09 14:43:20.051941
1,50,like,2025-06-13 14:43:20.051946
67,27,view,2025-06-25 14:43:20.051950
90,34,view,2025-05-27 14:43:20.051955
62,50,view,2025-06-08 14:43:20.051959
95,49,like,2025-06-08 14:43:20.051963
13,28,view,2025-06-11 14:43:20.051968
99,15,share,2025-06-24 14:43:20.051972
37,39,like,2025-06-13 14:43:20.051976
33,13,view,2025-06-03 14:43:20.051981
1,37,view,2025-06-10 14:43:20.051985
1,25,like,2025-06-04 14:43:20.051989
41,27,view,2025-06-22 14:43:20.051994
55,42,view,2025-06-18 14:43:20.051998
69,28,view,2025-06-07 14:43:20.052003
36,44,view,2025-06-20 14:43:20.052007
53,36,like,2025-06-11 14:43:20.052011
23,24,view,2025-06-11 14:43:20.052016
33,20,view,2025-06-02 14:43:20.052020
91,26,like,2025-05-30 14:43:20.052025
85,8,like,2025-06-12 14:43:20.052030
90,11,view,2025-06-10 14:43:20.052034
52,22,like,2025-06-07 14:43:20.052039
90,44,like,2025-06-21 14:43:20.052043
50,41,view,2025-06-24 14:43:20.052048
19,31,share,2025-06-13 14:43:20.052052
12,5,view,2025-06-15 14:43:20.052056
11,39,view,2025-06-14 14:43:20.052061
52,40,like,2025-06-17 14:43:20.052065
92,39,view,2025-06-02 14:43:20.052070
23,41,view,2025-06-26 14:43:20.052076
26,43,share,2025-06-10 14:43:20.052081
37,13,view,2025-06-07 14:43:20.052085
66,34,like,2025-06-07 14:43:20.052090
22,44,view,2025-06-19 14:43:20.052094
84,1,share,2025-06-24 14:43:20.052101
36,50,view,2025-06-05 14:43:20.052106
51,26,view,2025-06-10 14:43:20.052110
2,48,like,2025-05-28 14:43:20.052115
12,36,view,2025-05-31 14:43:20.052119
72,38,view,2025-05-27 14:43:20.052123
36,15,like,2025-06-20 14:43:20.052128
59,26,view,2025-06-18 14:43:20.052132
23,27,view,2025-06-09 14:43:20.052137
10,33,view,2025-05-27 14:43:20.052141
15,33,share,2025-05-29 14:43:20.052146
69,37,view,2025-06-12 14:43:20.052150
49,37,view,2025-06-19 14:43:20.052155
97,22,share,2025-06-12 14:43:20.052159
88,30,like,2025-05-30 14:43:20.052163
4,31,view,2025-06-24 14:43:20.052168
49,41,like,2025-06-19 14:43:20.052172
87,45,view,2025-06-16 14:43:20.052177
53,23,view,2025-06-26 14:43:20.052181
90,17,view,2025-06-24 14:43:20.052185
52,44,like,2025-06-16 14:43:20.052190
10,36,share,2025-06-11 14:43:20.052194
41,23,view,2025-06-08 14:43:20.052198
35,12,share,2025-06-05 14:43:20.052203
25,32,like,2025-06-19 14:43:20.052207
95,16,like,2025-06-20 14:43:20.052212
30,13,like,2025-05-31 14:43:20.052216
80,23,view,2025-06-23 14:43:20.052220
16,6,like,2025-06-05 14:43:20.052225
64,40,view,2025-05-30 14:43:20.052229
70,3,like,2025-06-15 14:43:20.052234
80,21,view,2025-05-29 14:43:20.052238
74,18,view,2025-06-02 14:43:20.052242
66,18,view,2025-06-02 14:43:20.052247
74,9,view,2025-06-01 14:43:20.052251
55,31,share,2025-06-25 14:43:20.052256
65,23,view,2025-06-05 14:43:20.052260
100,12,view,2025-06-23 14:43:20.052264
90,34,view,2025-06-04 14:43:20.052269
2,1,like,2025-06-14 14:43:20.052273
75,7,view,2025-06-07 14:43:20.052277
34,12,view,2025-06-19 14:43:20.052282
35,31,share,2025-06-16 14:43:20.052286
47,12,view,2025-06-20 14:43:20.052291
54,45,like,2025-06-15 14:43:20.052295
52,18,view,2025-06-08 14:43:20.052299
17,37,like,2025-05-31 14:43:20.052306
13,47,view,2025-06-19 14:43:20.052311
72,28,like,2025-06-20 14:43:20.052315
19,48,view,2025-06-01 14:43:20.052320
2,12,view,2025-06-22 14:43:20.052324
81,34,view,2025-06-16 14:43:20.052329
63,20,view,2025-05-30 14:43:20.052333
73,4,view,2025-06-04 14:43:20.052337
21,4,view,2025-06-18 14:43:20.052342
61,41,view,2025-06-03 14:43:20.052346
43,17,view,2025-06-09 14:43:20.052351
72,17,view,2025-06-13 14:43:20.052355
16,23,like,2025-05-27 14:43:20.052360
78,13,view,2025-06-06 14:43:20.052366
84,35,view,2025-06-02 14:43:20.052371
37,23,view,2025-06-10 14:43:20.052375
63,50,like,2025-05-29 14:43:20.052380
11,25,like,2025-06-12 14:43:20.052384
81,10,like,2025-06-06 14:43:20.052389
44,27,like,2025-06-08 14:43:20.052393
52,5,view,2025-06-16 14:43:20.052398
30,21,view,2025-06-17 14:43:20.052402
91,18,like,2025-06-14 14:43:20.052407
35,29,like,2025-05-27 14:43:20.052411
47,48,view,2025-05-27 14:43:20.052416
58,27,view,2025-05-30 14:43:20.052420
3,9,like,2025-06-05 14:43:20.052424
33,48,like,2025-06-24 14:43:20.052429
27,11,view,2025-06-23 14:43:20.052433
9,31,view,2025-06-26 14:43:20.052438
99,26,view,2025-06-24 14:43:20.052442
14,17,like,2025-06-24 14:43:20.052446
84,25,view,2025-06-19 14:43:20.052451
95,19,view,2025-06-22 14:43:20.052455
17,34,like,2025-06-26 14:43:20.052460
5,43,view,2025-05-28 14:43:20.052464
42,31,view,2025-05-30 14:43:20.052468
70,18,view,2025-06-22 14:43:20.052473
90,35,view,2025-06-07 14:43:20.052477
59,41,like,2025-05-29 14:43:20.052484
73,28,view,2025-06-06 14:43:20.052488
69,20,share,2025-06-11 14:43:20.052493
70,15,like,2025-06-12 14:43:20.052497
40,24,view,2025-06-22 14:43:20.052502
39,1,view,2025-05-31 14:43:20.052506
98,9,view,2025-06-11 14:43:20.052511
69,1,like,2025-06-11 14:43:20.052515
97,31,view,2025-06-02 14:43:20.052520
56,19,view,2025-06-01 14:43:20.052524
1,36,view,2025-06-13 14:43:20.052529
72,28,view,2025-06-21 14:43:20.052533
92,48,like,2025-05-31 14:43:20.052538
49,15,view,2025-06-13 14:43:20.052543
81,16,view,2025-06-01 14:43:20.052547
79,45,like,2025-06-17 14:43:20.052551
84,48,view,2025-06-18 14:43:20.052556
53,13,like,2025-06-21 14:43:20.052560
18,19,view,2025-06-12 14:43:20.052564
80,29,view,2025-06-07 14:43:20.052569
63,13,view,2025-06-22 14:43:20.052573
7,35,view,2025-06-23 14:43:20.052578
37,18,view,2025-06-12 14:43:20.052582
94,1,view,2025-06-22 14:43:20.052587
2,32,view,2025-06-13 14:43:20.052591
40,32,share,2025-06-12 14:43:20.052596
90,3,view,2025-05-31 14:43:20.052600
97,10,view,2025-06-02 14:43:20.052605
51,5,view,2025-06-21 14:43:20.052609
25,17,like,2025-05-31 14:43:20.052613
2,8,share,2025-06-04 14:43:20.052618
32,25,like,2025-06-12 14:43:20.052622
32,48,share,2025-06-20 14:43:20.052626
59,48,like,2025-06-10 14:43:20.052631
86,14,view,2025-06-05 14:43:20.052635
40,21,view,2025-06-03 14:43:20.052639
6,48,share,2025-06-10 14:43:20.052644
16,17,view,2025-06-17 14:43:20.052648
26,24,like,2025-05-30 14:43:20.052654
86,14,share,2025-06-19 14:43:20.052659
82,28,view,2025-06-21 14:43:20.052663
36,38,view,2025-06-01 14:43:20.052668
32,1,share,2025-06-08 14:43:20.052672
89,31,like,2025-06-22 14:43:20.052677
48,50,view,2025-06-21 14:43:20.052681
64,6,like,2025-06-16 14:43:20.052685
98,41,view,2025-06-15 14:43:20.052690
83,10,like,2025-06-01 14:43:20.052694
14,9,view,2025-06-16 14:43:20.052699
72,42,like,2025-06-01 14:43:20.052703
57,47,view,2025-06-04 14:43:20.052707
49,23,like,2025-06-18 14:43:20.052712
6,32,like,2025-06-09 14:43:20.052716
38,35,like,2025-06-20 14:43:20.052721
73,12,view,2025-06-16 14:43:20.052725
94,30,view,2025-05-31 14:43:20.052731
77,36,view,2025-06-10 14:43:20.052735
20,29,view,2025-06-18 14:43:20.052740
70,24,view,2025-06-02 14:43:20.052744
82,33,view,2025-06-21 14:43:20.052749
3,40,like,2025-06-02 14:43:20.052753
80,16,view,2025-06-24 14:43:20.052758
85,35,like,2025-06-20 14:43:20.052762
68,44,view,2025-06-09 14:43:20.052766
20,40,view,2025-06-13 14:43:20.052771
83,21,view,2025-06-10 14:43:20.052775
85,5,view,2025-05-27 14:43:20.052780
17,12,like,2025-06-20 14:43:20.052784
14,32,view,2025-06-25 14:43:20.052788
74,42,like,2025-06-05 14:43:20.052793
63,34,like,2025-06-08 14:43:20.052797
33,4,view,2025-06-07 14:43:20.052802
92,5,view,2025-05-28 14:43:20.052806
27,42,view,2025-05-29 14:43:20.052810
11,30,like,2025-06-25 14:43:20.052815
47,36,like,2025-05-29 14:43:20.052819
54,24,like,2025-06-25 14:43:20.052824
79,18,view,2025-06-03 14:43:20.052828
10,20,view,2025-06-20 14:43:20.052832
67,7,view,2025-06-19 14:43:20.052837
69,25,view,2025-06-10 14:43:20.052841
85,16,view,2025-05-27 14:43:20.052845
23,36,like,2025-06-13 14:43:20.052850
96,7,like,2025-06-08 14:43:20.052854
46,44,view,2025-06-05 14:43:20.052859
55,7,view,2025-06-21 14:43:20.052863
71,26,view,2025-06-05 14:43:20.052870
21,35,share,2025-06-12 14:43:20.052875
46,21,view,2025-06-16 14:43:20.052880
48,27,like,2025-06-13 14:43:20.052886
93,21,like,2025-06-08 14:43:20.052891
70,14,view,2025-06-09 14:43:20.052895
96,17,view,2025-06-12 14:43:20.052900
58,26,view,2025-06-25 14:43:20.052905
37,39,view,2025-06-22 14:43:20.052909
39,1,view,2025-06-19 14:43:20.052914
28,21,view,2025-05-31 14:43:20.052918
89,18,share,2025-06-10 14:43:20.052923
72,37,share,2025-06-22 14:43:20.052927
13,3,view,2025-06-22 14:43:20.052931
18,17,view,2025-06-08 14:43:20.052936
32,15,view,2025-06-17 14:43:20.052940
12,37,view,2025-05-28 14:43:20.052955
28,47,view,2025-06-16 14:43:20.052960
62,12,view,2025-05-29 14:43:20.052964
89,45,view,2025-05-28 14:43:20.052969
13,39,like,2025-06-25 14:43:20.052973
94,37,view,2025-06-02 14:43:20.052978
8,50,view,2025-05-29 14:43:20.052982
56,27,share,2025-06-23 14:43:20.052986
99,15,like,2025-05-30 14:43:20.052991
78,1,like,2025-06-06 14:43:20.052995
49,4,view,2025-06-25 14:43:20.053000
41,35,view,2025-06-16 14:43:20.053004
65,45,view,2025-06-25 14:43:20.053009
87,47,share,2025-06-12 14:43:20.053013
97,39,view,2025-06-24 14:43:20.053017
29,28,view,2025-06-14 14:43:20.053021
19,9,view,2025-06-11 14:43:20.053026
74,48,view,2025-06-14 14:43:20.053030
34,6,view,2025-06-13 14:43:20.053034
100,45,view,2025-06-22 14:43:20.053039
62,36,view,2025-06-14 14:43:20.053043
84,37,view,2025-06-07 14:43:20.053048
95,34,view,2025-06-24 14:43:20.053052
35,50,view,2025-06-05 14:43:20.053056
74,6,view,2025-06-13 14:43:20.053062
55,24,view,2025-06-16 14:43:20.053066
45,39,like,2025-06-02 14:43:20.053070
40,11,share,2025-06-07 14:43:20.053075
57,40,view,2025-06-25 14:43:20.053079
30,13,like,2025-06-22 14:43:20.053084
97,47,like,2025-06-23 14:43:20.053088
95,4,view,2025-06-07 14:43:20.053092
19,19,view,2025-06-04 14:43:20.053097
15,20,view,2025-06-26 14:43:20.053101
43,14,like,2025-06-20 14:43:20.053106
27,35,view,2025-06-18 14:43:20.053110
71,31,like,2025-06-22 14:43:20.053114
89,45,like,2025-06-14 14:43:20.053119
75,43,view,2025-06-18 14:43:20.053123
22,4,view,2025-06-01 14:43:20.053128
90,40,view,2025-06-12 14:43:20.053132
84,1,view,2025-06-05 14:43:20.053136
35,43,like,2025-06-05 14:43:20.053141
47,7,view,2025-05-30 14:43:20.053145
84,25,view,2025-06-14 14:43:20.053150
66,46,view,2025-06-16 14:43:20.053154
63,39,view,2025-06-21 14:43:20.053158
26,33,share,2025-06-09 14:43:20.053163
92,2,view,2025-05-28 14:43:20.053167
68,20,view,2025-06-14 14:43:20.053172
96,11,view,2025-06-05 14:43:20.053176
46,23,like,2025-06-19 14:43:20.053180
65,18,like,2025-06-06 14:43:20.053185
33,25,like,2025-05-31 14:43:20.053189
4,36,share,2025-06-19 14:43:20.053194
20,22,like,2025-06-05 14:43:20.053198
18,6,like,2025-06-10 14:43:20.053203
87,40,like,2025-06-05 14:43:20.053207
30,27,view,2025-06-22 14:43:20.053212
55,20,share,2025-06-16 14:43:20.053216
58,35,view,2025-06-06 14:43:20.053220
18,38,view,2025-06-01 14:43:20.053225
26,9,view,2025-06-04 14:43:20.053229
68,9,view,2025-05-28 14:43:20.053236
99,10,like,2025-06-08 14:43:20.053241
21,21,view,2025-06-09 14:43:20.053245
93,8,view,2025-05-31 14:43:20.053250
19,47,view,2025-06-16 14:43:20.053254
53,27,view,2025-06-03 14:43:20.053261
82,48,view,2025-06-02 14:43:20.053266
25,7,view,2025-06-26 14:43:20.053270
98,40,like,2025-06-07 14:43:20.053274
73,40,view,2025-06-19 14:43:20.053279
30,44,view,2025-06-24 14:43:20.053283
89,50,view,2025-06-10 14:43:20.053288
78,31,like,2025-06-15 14:43:20.053292
24,25,view,2025-06-22 14:43:20.053296
21,13,view,2025-06-13 14:43:20.053301
98,1,share,2025-05-27 14:43:20.053305
53,15,like,2025-06-20 14:43:20.053310
97,14,view,2025-05-28 14:43:20.053314
57,40,view,2025-06-16 14:43:20.053319
59,16,view,2025-06-02 14:43:20.053323
6,39,like,2025-06-14 14:43:20.053328
93,21,view,2025-05-27 14:43:20.053332
96,37,view,2025-06-10 14:43:20.053337
83,46,like,2025-06-10 14:43:20.053341
14,29,view,2025-05-29 14:43:20.053345
6,16,view,2025-06-14 14:43:20.053350
95,3,view,2025-06-10 14:43:20.053354
98,41,share,2025-06-20 14:43:20.053359
38,29,view,2025-06-17 14:43:20.053363
100,19,view,2025-06-13 14:43:20.053368
38,40,share,2025-06-04 14:43:20.053372
67,10,view,2025-06-06 14:43:20.053377
58,6,like,2025-06-23 14:43:20.053382
24,50,view,2025-05-29 14:43:20.053386
90,35,view,2025-06-13 14:43:20.053390
42,29,view,2025-06-12 14:43:20.053395
76,46,like,2025-05-29 14:43:20.053399
59,6,view,2025-06-04 14:43:20.053403
84,46,like,2025-06-04 14:43:20.053408
94,8,view,2025-06-04 14:43:20.053412
58,41,view,2025-06-10 14:43:20.053417
91,25,like,2025-06-10 14:43:20.053421
79,11,view,2025-06-14 14:43:20.053425
6,50,view,2025-06-16 14:43:20.053430
73,43,like,2025-06-21 14:43:20.053434
19,12,like,2025-06-25 14:43:20.053439
54,20,view,2025-06-02 14:43:20.053443
58,19,like,2025-06-23 14:43:20.053448
17,13,view,2025-06-02 14:43:20.053452
33,1,view,2025-05-30 14:43:20.053456
64,35,like,2025-06-07 14:43:20.053461
64,16,view,2025-06-05 14:43:20.053465
61,30,view,2025-06-24 14:43:20.053471
77,39,view,2025-05-29 14:43:20.053476
71,18,like,2025-06-09 14:43:20.053481
27,4,view,2025-06-25 14:43:20.053486
84,23,view,2025-05-30 14:43:20.053490
5,43,view,2025-06-07 14:43:20.053494
39,22,share,2025-06-25 14:43:20.053499
14,27,share,2025-06-21 14:43:20.053503
87,19,like,2025-06-04 14:43:20.053508
90,39,view,2025-06-09 14:43:20.053512
23,30,like,2025-06-15 14:43:20.053517
5,6,like,2025-06-16 14:43:20.053521
48,25,like,2025-06-02 14:43:20.053528
55,36,view,2025-06-11 14:43:20.053533
18,8,like,2025-06-18 14:43:20.053537
43,34,view,2025-06-20 14:43:20.053573
90,14,like,2025-06-23 14:43:20.053586
74,47,share,2025-06-10 14:43:20.053592
12,31,like,2025-06-07 14:43:20.053597
91,19,view,2025-05-30 14:43:20.053603
41,17,view,2025-06-07 14:43:20.053608
46,9,like,2025-06-11 14:43:20.053613
67,47,like,2025-06-11 14:43:20.053617
24,40,view,2025-06-17 14:43:20.053622
25,1,view,2025-06-12 14:43:20.053627
81,8,like,2025-06-20 14:43:20.053631
79,27,view,2025-06-16 14:43:20.053635
45,36,like,2025-06-20 14:43:20.053640
2,41,view,2025-06-17 14:43:20.053644
33,5,view,2025-06-10 14:43:20.053648
71,21,like,2025-06-23 14:43:20.053653
88,22,view,2025-06-03 14:43:20.053657
73,40,share,2025-05-31 14:43:20.053662
23,13,view,2025-06-16 14:43:20.053666
87,31,share,2025-06-01 14:43:20.053670
5,42,view,2025-06-22 14:43:20.053675
81,30,like,2025-06-09 14:43:20.053679
43,30,like,2025-06-13 14:43:20.053684
96,4,like,2025-06-17 14:43:20.053693
73,47,like,2025-06-09 14:43:20.053698
69,2,view,2025-06-05 14:43:20.053703
43,23,view,2025-06-22 14:43:20.053707
36,2,view,2025-06-14 14:43:20.053712
81,35,like,2025-06-08 14:43:20.053716
78,25,view,2025-06-23 14:43:20.053720
97,20,like,2025-06-16 14:43:20.053725
91,3,view,2025-06-24 14:43:20.053729
64,16,view,2025-05-31 14:43:20.053734
39,14,view,2025-06-21 14:43:20.053738
15,24,like,2025-06-02 14:43:20.053742
26,6,view,2025-06-26 14:43:20.053747
62,33,view,2025-06-16 14:43:20.053751
62,47,like,2025-06-17 14:43:20.053756
100,21,view,2025-05-30 14:43:20.053760
13,34,like,2025-06-22 14:43:20.053765
27,47,view,2025-06-14 14:43:20.053769
92,34,view,2025-06-17 14:43:20.053773
6,44,like,2025-05-30 14:43:20.053778
12,22,view,2025-06-25 14:43:20.053782
14,34,like,2025-06-03 14:43:20.053786
40,2,view,2025-06-17 14:43:20.053791
82,14,view,2025-06-20 14:43:20.053795
37,18,view,2025-06-02 14:43:20.053799
57,43,view,2025-06-22 14:43:20.053804
21,18,view,2025-05-27 14:43:20.053808
80,36,view,2025-06-20 14:43:20.053813
70,23,view,2025-06-18 14:43:20.053817
19,46,like,2025-06-08 14:43:20.053821
32,11,view,2025-06-07 14:43:20.053826
44,35,view,2025-06-22 14:43:20.053830
4,31,share,2025-06-25 14:43:20.053834
14,25,view,2025-06-13 14:43:20.053839
51,12,like,2025-05-29 14:43:20.053843
76,41,like,2025-06-04 14:43:20.053848
58,40,view,2025-06-16 14:43:20.053852
26,46,like,2025-06-01 14:43:20.053857
69,6,share,2025-06-02 14:43:20.053864
98,30,view,2025-06-24 14:43:20.053868
90,30,view,2025-06-17 14:43:20.053873
88,42,like,2025-06-12 14:43:20.053877
61,15,share,2025-06-22 14:43:20.053882
79,17,share,2025-06-14 14:43:20.053886
24,45,share,2025-06-16 14:43:20.053891
42,30,view,2025-06-24 14:43:20.053895
61,8,view,2025-06-12 14:43:20.053899
22,19,like,2025-06-07 14:43:20.053904
74,9,view,2025-06-14 14:43:20.053908
92,7,view,2025-06-06 14:43:20.053913
10,20,view,2025-06-14 14:43:20.053917
76,27,view,2025-06-19 14:43:20.053921
71,11,share,2025-06-14 14:43:20.053926
9,22,view,2025-06-04 14:43:20.053930
76,28,like,2025-06-13 14:43:20.053934
73,22,view,2025-06-19 14:43:20.053938
23,43,like,2025-06-03 14:43:20.053943
92,37,like,2025-06-23 14:43:20.053947
76,39,view,2025-06-09 14:43:20.053952
13,29,view,2025-05-27 14:43:20.053956
52,5,view,2025-06-05 14:43:20.053960
77,50,like,2025-06-16 14:43:20.053965
64,42,like,2025-06-24 14:43:20.053969
28,9,like,2025-05-29 14:43:20.053973
97,41,like,2025-06-02 14:43:20.053978
19,43,view,2025-06-09 14:43:20.053982
38,25,like,2025-06-12 14:43:20.053986
26,14,like,2025-06-16 14:43:20.053991
39,37,like,2025-06-05 14:43:20.053995
39,28,like,2025-05-28 14:43:20.054000
45,6,view,2025-06-07 14:43:20.054004
66,26,like,2025-05-30 14:43:20.054008
38,4,view,2025-06-09 14:43:20.054013
7,1,like,2025-05-31 14:43:20.054017
46,8,like,2025-05-30 14:43:20.054022
4,16,view,2025-06-08 14:43:20.054026
51,41,view,2025-06-14 14:43:20.054030
52,25,view,2025-06-20 14:43:20.054035
85,12,view,2025-06-20 14:43:20.054039
72,25,like,2025-06-15 14:43:20.054044
54,10,view,2025-05-30 14:43:20.054048
86,9,view,2025-06-24 14:43:20.054052
83,2,view,2025-05-29 14:43:20.054057
63,43,view,2025-06-22 14:43:20.054061
11,9,like,2025-06-13 14:43:20.054066
59,45,like,2025-06-13 14:43:20.054073
80,12,view,2025-06-13 14:43:20.054077
71,29,view,2025-06-19 14:43:20.054082
24,28,like,2025-06-08 14:43:20.054088
64,47,view,2025-06-10 14:43:20.054093
35,27,share,2025-06-08 14:43:20.054097
47,3,share,2025-06-08 14:43:20.054102
62,46,view,2025-06-08 14:43:20.054107
62,45,view,2025-06-03 14:43:20.054111
94,34,share,2025-06-02 14:43:20.054115
100,18,view,2025-06-24 14:43:20.054120
67,40,view,2025-06-11 14:43:20.054124
81,48,like,2025-06-05 14:43:20.054129
10,44,like,2025-06-01 14:43:20.054133
75,20,like,2025-05-29 14:43:20.054137
44,35,like,2025-06-11 14:43:20.054142
59,33,share,2025-06-08 14:43:20.054146
94,22,view,2025-05-27 14:43:20.054156
38,19,view,2025-06-04 14:43:20.054161
77,48,view,2025-06-01 14:43:20.054165
73,17,view,2025-06-11 14:43:20.054170
75,11,view,2025-06-05 14:43:20.054174
38,48,like,2025-06-17 14:43:20.054179
63,6,view,2025-06-24 14:43:20.054183
36,17,view,2025-06-18 14:43:20.054188
36,17,view,2025-06-23 14:43:20.054192
78,12,share,2025-06-03 14:43:20.054197
20,43,view,2025-06-01 14:43:20.054201
23,17,like,2025-06-19 14:43:20.054205
63,12,like,2025-05-30 14:43:20.054210
5,22,share,2025-05-27 14:43:20.054214
19,39,share,2025-06-22 14:43:20.054219
64,49,share,2025-06-02 14:43:20.054223
50,16,like,2025-06-03 14:43:20.054228
82,11,view,2025-06-03 14:43:20.054232
45,4,like,2025-06-02 14:43:20.054237
15,4,view,2025-06-14 14:43:20.054241
61,20,view,2025-05-27 14:43:20.054245
97,35,view,2025-06-05 14:43:20.054250
91,25,view,2025-06-22 14:43:20.054254
68,28,view,2025-05-28 14:43:20.054259
58,25,like,2025-05-27 14:43:20.054263
68,44,share,2025-06-23 14:43:20.054268
69,41,view,2025-05-30 14:43:20.054272
56,40,share,2025-05-30 14:43:20.054277
35,22,view,2025-06-01 14:43:20.054281
13,17,like,2025-06-14 14:43:20.054285
60,50,like,2025-06-19 14:43:20.054290
94,44,view,2025-06-20 14:43:20.054294
67,22,like,2025-06-21 14:43:20.054299
41,36,view,2025-06-26 14:43:20.054303
9,1,view,2025-06-10 14:43:20.054308
14,44,view,2025-06-19 14:43:20.054312
93,19,view,2025-06-25 14:43:20.054316
4,40,view,2025-05-27 14:43:20.054321
77,43,like,2025-06-20 14:43:20.054325
77,41,view,2025-05-27 14:43:20.054330
16,6,like,2025-06-22 14:43:20.054334
49,43,like,2025-06-06 14:43:20.054338
73,12,like,2025-06-04 14:43:20.054343
24,17,view,2025-06-05 14:43:20.054347
10,41,view,2025-06-18 14:43:20.054352
99,28,like,2025-06-05 14:43:20.054356
99,50,view,2025-06-21 14:43:20.054360
100,5,view,2025-06-25 14:43:20.054365
49,25,view,2025-06-25 14:43:20.054369
34,17,view,2025-06-24 14:43:20.054374
63,13,like,2025-06-21 14:43:20.054378
83,32,view,2025-06-09 14:43:20.054383
99,28,view,2025-06-06 14:43:20.054387
14,29,like,2025-06-23 14:43:20.054392
5,5,view,2025-06-03 14:43:20.054396
33,50,view,2025-05-29 14:43:20.054400
64,10,like,2025-06-26 14:43:20.054405
5,43,view,2025-06-22 14:43:20.054409
90,22,share,2025-06-08 14:43:20.054413
1,33,like,2025-06-02 14:43:20.054418
63,31,view,2025-05-30 14:43:20.054422
94,50,like,2025-06-24 14:43:20.054427
70,15,view,2025-05-27 14:43:20.054431
89,50,view,2025-06-08 14:43:20.054438
69,23,view,2025-06-17 14:43:20.054443
52,4,like,2025-05-27 14:43:20.054447
83,6,view,2025-05-30 14:43:20.054452
44,6,like,2025-06-02 14:43:20.054456
99,19,like,2025-06-21 14:43:20.054461
71,3,share,2025-06-05 14:43:20.054468
25,20,like,2025-05-29 14:43:20.054473
14,41,like,2025-06-11 14:43:20.054478
11,41,view,2025-06-20 14:43:20.054483
18,3,view,2025-06-03 14:43:20.054488
76,16,view,2025-06-24 14:43:20.054493
70,42,view,2025-06-09 14:43:20.054497
58,2,view,2025-06-25 14:43:20.054504
44,47,view,2025-06-23 14:43:20.054509
28,42,like,2025-06-12 14:43:20.054514
